application,schema,effective_properties,objects,current_shallow_bytes,compact_shallow_bytes,slack_upper_bound_bytes
alipay,legacy,0,2,32,32,0
alipay,legacy,1,11566,824912,370112,454800
alipay,legacy,2,7907,608720,379536,229184
alipay,legacy,3,10947,936496,700608,235888
alipay,legacy,4,6336,672208,506880,165328
alipay,legacy,5,3057,423648,293472,130176
alipay,legacy,6,2219,324672,248528,76144
alipay,legacy,7,1986,322224,254208,68016
alipay,legacy,8,1278,219376,184032,35344
alipay,legacy,9,960,190448,153600,36848
alipay,legacy,10,854,183312,150304,33008
alipay,legacy,11,781,172896,149952,22944
alipay,legacy,12,592,134160,123136,11024
alipay,legacy,13,578,153696,129472,24224
alipay,legacy,14,380,104000,91200,12800
alipay,legacy,15,364,107664,93184,14480
alipay,legacy,16,371,107248,100912,6336
alipay,legacy,17,288,92672,82944,9728
alipay,legacy,18,238,82336,72352,9984
alipay,legacy,19,201,70640,64320,6320
alipay,legacy,20,165,59456,55440,4016
alipay,legacy,21,164,66432,57728,8704
alipay,legacy,22,168,67120,61824,5296
alipay,legacy,23,144,59232,55296,3936
alipay,legacy,24,122,54352,48800,5552
alipay,legacy,25,94,43360,39104,4256
alipay,legacy,26,90,40640,38880,1760
alipay,legacy,27,106,51088,47488,3600
alipay,legacy,28,139,70624,64496,6128
alipay,legacy,29,107,54960,51360,3600
alipay,legacy,30,94,50336,46624,3712
alipay,legacy,31,71,39952,36352,3600
alipay,legacy,32,84,46000,44352,1648
alipay,legacy,33,42,25312,22848,2464
alipay,legacy,34,25,14832,14000,832
alipay,legacy,35,57,34080,32832,1248
alipay,legacy,36,48,28560,28416,144
alipay,legacy,37,33,22336,20064,2272
alipay,legacy,38,59,38640,36816,1824
alipay,legacy,39,20,14000,12800,1200
alipay,legacy,40,46,31536,30176,1360
alipay,legacy,41,25,17488,16800,688
alipay,legacy,42,34,24368,23392,976
alipay,legacy,43,7,5072,4928,144
alipay,legacy,44,23,16560,16560,0
alipay,legacy,45,30,23408,22080,1328
alipay,legacy,46,44,35744,33088,2656
alipay,legacy,47,37,29856,28416,1440
alipay,legacy,48,15,11808,11760,48
alipay,legacy,49,48,42320,38400,3920
alipay,legacy,50,16,13600,13056,544
alipay,legacy,51,12,10432,9984,448
alipay,legacy,52,9,7632,7632,0
alipay,legacy,53,6,5280,5184,96
alipay,legacy,54,22,19584,19360,224
alipay,legacy,55,29,27728,25984,1744
alipay,legacy,56,17,15648,15504,144
alipay,legacy,57,5,4928,4640,288
alipay,legacy,58,22,20832,20768,64
alipay,legacy,59,13,12672,12480,192
alipay,legacy,60,4,3952,3904,48
alipay,legacy,61,5,5088,4960,128
alipay,legacy,62,3,3088,3024,64
alipay,legacy,63,4,4128,4096,32
alipay,legacy,64,2,2128,2080,48
alipay,legacy,65,2,2192,2112,80
alipay,legacy,66,46,51200,49312,1888
alipay,legacy,67,5,5552,5440,112
alipay,legacy,68,14,16688,15456,1232
alipay,legacy,69,27,31312,30240,1072
alipay,legacy,70,13,15168,14768,400
alipay,legacy,71,3,3472,3456,16
alipay,legacy,72,17,20976,19856,1120
alipay,legacy,73,13,15952,15392,560
alipay,legacy,75,12,14640,14592,48
alipay,legacy,76,25,32640,30800,1840
alipay,legacy,77,14,17776,17472,304
alipay,legacy,78,25,31952,31600,352
alipay,legacy,79,4,5200,5120,80
alipay,legacy,80,1,1312,1296,16
alipay,legacy,81,2,2640,2624,16
alipay,legacy,82,11,15440,14608,832
alipay,legacy,83,3,4064,4032,32
alipay,legacy,84,12,16320,16320,0
alipay,legacy,85,2,2848,2752,96
alipay,legacy,86,1,1408,1392,16
alipay,legacy,87,14,20880,19712,1168
alipay,legacy,88,2,2848,2848,0
alipay,legacy,89,30,45280,43200,2080
alipay,legacy,90,1,1504,1456,48
alipay,legacy,91,12,17840,17664,176
alipay,legacy,92,13,19920,19344,576
alipay,legacy,94,1,1536,1520,16
alipay,legacy,95,11,17088,16896,192
alipay,legacy,96,1,1616,1552,64
alipay,legacy,97,10,16160,15680,480
alipay,legacy,98,11,17744,17424,320
alipay,legacy,99,12,19376,19200,176
alipay,legacy,100,1,1680,1616,64
alipay,legacy,101,20,33120,32640,480
alipay,legacy,102,10,16800,16480,320
alipay,legacy,103,1,1664,1664,0
alipay,legacy,105,2,3488,3392,96
alipay,legacy,106,12,21232,20544,688
alipay,legacy,108,1,1744,1744,0
alipay,legacy,110,2,3552,3552,0
alipay,legacy,116,1,1872,1872,0
alipay,legacy,117,1,1888,1888,0
alipay,legacy,118,12,23232,22848,384
alipay,legacy,119,1,1920,1920,0
alipay,legacy,120,1,1936,1936,0
alipay,legacy,124,1,2000,2000,0
alipay,legacy,125,22,46048,44352,1696
alipay,legacy,130,10,21600,20960,640
alipay,legacy,134,10,21920,21600,320
alipay,legacy,135,24,53568,52224,1344
alipay,legacy,136,11,24432,24112,320
alipay,legacy,140,1,2256,2256,0
alipay,legacy,144,1,2320,2320,0
alipay,legacy,146,1,2416,2352,64
alipay,legacy,147,1,2432,2368,64
alipay,legacy,157,10,25760,25280,480
alipay,legacy,164,1,2640,2640,0
alipay,legacy,178,1,2896,2864,32
alipay,legacy,185,1,3024,2976,48
alipay,legacy,186,1,2992,2992,0
alipay,legacy,191,10,30880,30720,160
alipay,legacy,198,1,3200,3184,16
alipay,legacy,214,1,3440,3440,0
alipay,legacy,218,1,3504,3504,0
alipay,legacy,242,1,3904,3888,16
alipay,legacy,249,11,44512,44000,512
alipay,legacy,252,1,4048,4048,0
alipay,legacy,258,1,4176,4144,32
alipay,legacy,266,1,4304,4272,32
alipay,legacy,269,1,4320,4320,0
alipay,legacy,319,1,5120,5120,0
alipay,legacy,329,1,5296,5280,16
alipay,legacy,359,1,5840,5760,80
alipay,legacy,431,1,6928,6912,16
alipay,legacy,479,2,15392,15360,32
bilibili,legacy,0,2,32,32,0
bilibili,legacy,1,4245,208368,135840,72528
bilibili,legacy,2,2271,153568,109008,44560
bilibili,legacy,3,3997,303024,255808,47216
bilibili,legacy,4,3687,445392,294960,150432
bilibili,legacy,5,835,116000,80160,35840
bilibili,legacy,6,838,145632,93856,51776
bilibili,legacy,7,532,92336,68096,24240
bilibili,legacy,8,374,66368,53856,12512
bilibili,legacy,9,319,62960,51040,11920
bilibili,legacy,10,2096,407504,368896,38608
bilibili,legacy,11,220,48304,42240,6064
bilibili,legacy,12,174,40832,36192,4640
bilibili,legacy,13,193,49920,43232,6688
bilibili,legacy,14,113,30992,27120,3872
bilibili,legacy,15,114,33472,29184,4288
bilibili,legacy,16,103,30560,28016,2544
bilibili,legacy,17,80,25744,23040,2704
bilibili,legacy,18,67,22272,20368,1904
bilibili,legacy,19,83,30096,26560,3536
bilibili,legacy,20,74,26448,24864,1584
bilibili,legacy,21,55,21456,19360,2096
bilibili,legacy,22,54,21488,19872,1616
bilibili,legacy,23,37,15488,14208,1280
bilibili,legacy,24,49,21312,19600,1712
bilibili,legacy,25,34,15168,14144,1024
bilibili,legacy,26,29,13296,12528,768
bilibili,legacy,27,36,17392,16128,1264
bilibili,legacy,28,33,16256,15312,944
bilibili,legacy,29,34,17200,16320,880
bilibili,legacy,30,25,13200,12400,800
bilibili,legacy,31,19,10672,9728,944
bilibili,legacy,32,24,12992,12672,320
bilibili,legacy,33,16,9328,8704,624
bilibili,legacy,34,9,5344,5040,304
bilibili,legacy,35,12,7184,6912,272
bilibili,legacy,36,18,10800,10656,144
bilibili,legacy,37,15,9904,9120,784
bilibili,legacy,38,14,9296,8736,560
bilibili,legacy,39,9,6096,5760,336
bilibili,legacy,40,15,10176,9840,336
bilibili,legacy,41,8,5760,5376,384
bilibili,legacy,42,11,7904,7568,336
bilibili,legacy,43,9,6560,6336,224
bilibili,legacy,44,15,10848,10800,48
bilibili,legacy,45,9,6976,6624,352
bilibili,legacy,46,14,11072,10528,544
bilibili,legacy,47,10,8000,7680,320
bilibili,legacy,48,7,5584,5488,96
bilibili,legacy,49,13,11056,10400,656
bilibili,legacy,50,6,5104,4896,208
bilibili,legacy,51,10,8560,8320,240
bilibili,legacy,52,9,7712,7632,80
bilibili,legacy,53,2,1744,1728,16
bilibili,legacy,54,8,7232,7040,192
bilibili,legacy,55,6,5712,5376,336
bilibili,legacy,56,8,7376,7296,80
bilibili,legacy,57,1,976,928,48
bilibili,legacy,58,3,2896,2832,64
bilibili,legacy,59,2,1952,1920,32
bilibili,legacy,60,3,2928,2928,0
bilibili,legacy,61,3,3056,2976,80
bilibili,legacy,62,3,3072,3024,48
bilibili,legacy,63,5,5200,5120,80
bilibili,legacy,64,2,2112,2080,32
bilibili,legacy,65,2,2176,2112,64
bilibili,legacy,66,8,8832,8576,256
bilibili,legacy,67,1,1120,1088,32
bilibili,legacy,68,6,6880,6624,256
bilibili,legacy,69,6,6976,6720,256
bilibili,legacy,70,5,5792,5680,112
bilibili,legacy,71,2,2304,2304,0
bilibili,legacy,72,4,4784,4672,112
bilibili,legacy,73,2,2416,2368,48
bilibili,legacy,74,1,1232,1200,32
bilibili,legacy,76,5,6560,6160,400
bilibili,legacy,77,2,2544,2496,48
bilibili,legacy,78,3,3936,3792,144
bilibili,legacy,79,2,2592,2560,32
bilibili,legacy,81,2,2720,2624,96
bilibili,legacy,82,2,2768,2656,112
bilibili,legacy,83,1,1360,1344,16
bilibili,legacy,84,1,1360,1360,0
bilibili,legacy,85,2,2912,2752,160
bilibili,legacy,87,5,7168,7040,128
bilibili,legacy,89,3,4528,4320,208
bilibili,legacy,91,3,4448,4416,32
bilibili,legacy,92,2,3024,2976,48
bilibili,legacy,93,1,1568,1504,64
bilibili,legacy,95,2,3088,3072,16
bilibili,legacy,96,1,1616,1552,64
bilibili,legacy,97,1,1616,1568,48
bilibili,legacy,98,4,6496,6336,160
bilibili,legacy,99,2,3232,3200,32
bilibili,legacy,101,2,3312,3264,48
bilibili,legacy,102,1,1680,1648,32
bilibili,legacy,103,1,1664,1664,0
bilibili,legacy,106,2,3520,3424,96
bilibili,legacy,107,1,1728,1728,0
bilibili,legacy,110,1,1776,1776,0
bilibili,legacy,116,1,1872,1872,0
bilibili,legacy,118,3,5808,5712,96
bilibili,legacy,124,1,2000,2000,0
bilibili,legacy,125,3,6256,6048,208
bilibili,legacy,130,1,2160,2096,64
bilibili,legacy,133,1,2192,2144,48
bilibili,legacy,134,1,2192,2160,32
bilibili,legacy,135,3,6672,6528,144
bilibili,legacy,136,3,6608,6576,32
bilibili,legacy,140,2,4512,4512,0
bilibili,legacy,147,1,2432,2368,64
bilibili,legacy,151,1,2544,2432,112
bilibili,legacy,157,1,2576,2528,48
bilibili,legacy,164,1,2640,2640,0
bilibili,legacy,178,1,2896,2864,32
bilibili,legacy,185,1,3024,2976,48
bilibili,legacy,186,1,2992,2992,0
bilibili,legacy,191,1,3088,3072,16
bilibili,legacy,198,1,3200,3184,16
bilibili,legacy,218,1,3504,3504,0
bilibili,legacy,243,1,3984,3904,80
bilibili,legacy,249,2,8080,8000,80
bilibili,legacy,252,1,4048,4048,0
bilibili,legacy,359,1,5840,5760,80
bilibili,legacy,396,1,6400,6352,48
bilibili,legacy,431,1,6928,6912,16
bilibili,legacy,479,1,7696,7680,16
bilibili,legacy,891,1,14288,14272,16
bilibili,legacy,1023,1,16384,16384,0
douyin,legacy,0,2,32,32,0
douyin,legacy,1,19442,1089632,622144,467488
douyin,legacy,2,12728,933824,610944,322880
douyin,legacy,3,24438,2078368,1564032,514336
douyin,legacy,4,17485,1823488,1398800,424688
douyin,legacy,5,7720,999680,741120,258560
douyin,legacy,6,6630,969120,742560,226560
douyin,legacy,7,4125,637408,528000,109408
douyin,legacy,8,5632,871648,811008,60640
douyin,legacy,9,2166,408768,346560,62208
douyin,legacy,10,1839,382528,323664,58864
douyin,legacy,11,4331,869840,831552,38288
douyin,legacy,12,1312,300064,272896,27168
douyin,legacy,13,1137,292848,254688,38160
douyin,legacy,14,766,209088,183840,25248
douyin,legacy,15,770,219456,197120,22336
douyin,legacy,16,692,203632,188224,15408
douyin,legacy,17,549,177360,158112,19248
douyin,legacy,18,516,173040,156864,16176
douyin,legacy,19,432,151024,138240,12784
douyin,legacy,20,338,120816,113568,7248
douyin,legacy,21,326,125056,114752,10304
douyin,legacy,22,320,127488,117760,9728
douyin,legacy,23,238,96800,91392,5408
douyin,legacy,24,288,123280,115200,8080
douyin,legacy,25,201,90928,83616,7312
douyin,legacy,26,181,83952,78192,5760
douyin,legacy,27,199,94480,89152,5328
douyin,legacy,28,233,117232,108112,9120
douyin,legacy,29,193,99152,92640,6512
douyin,legacy,30,109,58896,54064,4832
douyin,legacy,31,143,80096,73216,6880
douyin,legacy,32,114,62224,60192,2032
douyin,legacy,33,106,61584,57664,3920
douyin,legacy,34,95,55312,53200,2112
douyin,legacy,35,72,43072,41472,1600
douyin,legacy,36,105,62832,62160,672
douyin,legacy,37,59,38624,35872,2752
douyin,legacy,38,92,60448,57408,3040
douyin,legacy,39,45,30928,28800,2128
douyin,legacy,40,79,54688,51824,2864
douyin,legacy,41,45,31312,30240,1072
douyin,legacy,42,52,37472,35776,1696
douyin,legacy,43,33,23888,23232,656
douyin,legacy,44,61,44288,43920,368
douyin,legacy,45,57,43920,41952,1968
douyin,legacy,46,60,47472,45120,2352
douyin,legacy,47,63,51280,48384,2896
douyin,legacy,48,91,71504,71344,160
douyin,legacy,49,71,61664,56800,4864
douyin,legacy,50,39,33152,31824,1328
douyin,legacy,51,42,35664,34944,720
douyin,legacy,52,83,70672,70384,288
douyin,legacy,53,20,17776,17280,496
douyin,legacy,54,44,39472,38720,752
douyin,legacy,55,45,42544,40320,2224
douyin,legacy,56,87,79584,79344,240
douyin,legacy,57,25,23936,23200,736
douyin,legacy,58,24,24192,22656,1536
douyin,legacy,59,49,47808,47040,768
douyin,legacy,60,50,48960,48800,160
douyin,legacy,61,15,15520,14880,640
douyin,legacy,62,18,18544,18144,400
douyin,legacy,63,36,37600,36864,736
douyin,legacy,64,41,42704,42640,64
douyin,legacy,65,17,18432,17952,480
douyin,legacy,66,59,65952,63248,2704
douyin,legacy,67,9,9936,9792,144
douyin,legacy,68,57,64464,62928,1536
douyin,legacy,69,18,20928,20160,768
douyin,legacy,70,30,35008,34080,928
douyin,legacy,71,17,19952,19584,368
douyin,legacy,72,46,55104,53728,1376
douyin,legacy,73,21,25744,24864,880
douyin,legacy,74,6,7312,7200,112
douyin,legacy,75,4,4976,4864,112
douyin,legacy,76,43,55808,52976,2832
douyin,legacy,77,11,13952,13728,224
douyin,legacy,78,20,25520,25280,240
douyin,legacy,79,10,12992,12800,192
douyin,legacy,80,14,18240,18144,96
douyin,legacy,81,17,23024,22304,720
douyin,legacy,82,11,14976,14608,368
douyin,legacy,83,8,10864,10752,112
douyin,legacy,84,28,38176,38080,96
douyin,legacy,85,22,31168,30272,896
douyin,legacy,86,2,2784,2784,0
douyin,legacy,87,28,40976,39424,1552
douyin,legacy,88,8,11440,11392,48
douyin,legacy,89,30,45424,43200,2224
douyin,legacy,90,6,8864,8736,128
douyin,legacy,91,14,20800,20608,192
douyin,legacy,92,16,24240,23808,432
douyin,legacy,93,4,6112,6016,96
douyin,legacy,94,3,4656,4560,96
douyin,legacy,95,7,10864,10752,112
douyin,legacy,96,7,11024,10864,160
douyin,legacy,97,15,24224,23520,704
douyin,legacy,98,15,24304,23760,544
douyin,legacy,99,3,4848,4800,48
douyin,legacy,100,4,6560,6464,96
douyin,legacy,101,27,44736,44064,672
douyin,legacy,102,14,23472,23072,400
douyin,legacy,103,4,6704,6656,48
douyin,legacy,104,2,3360,3360,0
douyin,legacy,105,3,5184,5088,96
douyin,legacy,106,17,30000,29104,896
douyin,legacy,108,5,8752,8720,32
douyin,legacy,109,2,3552,3520,32
douyin,legacy,110,5,8896,8880,16
douyin,legacy,111,5,9040,8960,80
douyin,legacy,112,4,7232,7232,0
douyin,legacy,113,1,1856,1824,32
douyin,legacy,115,1,1856,1856,0
douyin,legacy,116,4,7504,7488,16
douyin,legacy,117,1,1888,1888,0
douyin,legacy,118,15,29024,28560,464
douyin,legacy,120,9,17456,17424,32
douyin,legacy,124,3,6016,6000,16
douyin,legacy,125,25,52368,50400,1968
douyin,legacy,126,1,2064,2032,32
douyin,legacy,127,1,2064,2048,16
douyin,legacy,128,1,2064,2064,0
douyin,legacy,130,4,8624,8384,240
douyin,legacy,131,1,2144,2112,32
douyin,legacy,132,1,2128,2128,0
douyin,legacy,133,5,11024,10720,304
douyin,legacy,134,7,15328,15120,208
douyin,legacy,135,27,60320,58752,1568
douyin,legacy,136,8,17760,17536,224
douyin,legacy,140,1,2256,2256,0
douyin,legacy,141,1,2320,2272,48
douyin,legacy,142,1,2304,2288,16
douyin,legacy,144,1,2320,2320,0
douyin,legacy,145,1,2464,2336,128
douyin,legacy,146,2,4768,4704,64
douyin,legacy,147,2,4800,4736,64
douyin,legacy,148,1,2432,2384,48
douyin,legacy,149,2,4880,4800,80
douyin,legacy,151,3,7360,7296,64
douyin,legacy,152,1,2448,2448,0
douyin,legacy,153,5,12560,12320,240
douyin,legacy,154,1,2528,2480,48
douyin,legacy,155,1,2496,2496,0
douyin,legacy,157,3,7728,7584,144
douyin,legacy,159,1,2608,2560,48
douyin,legacy,160,2,5232,5152,80
douyin,legacy,161,4,10432,10368,64
douyin,legacy,162,3,7904,7824,80
douyin,legacy,163,4,10640,10496,144
douyin,legacy,164,3,7952,7920,32
douyin,legacy,165,2,5376,5312,64
douyin,legacy,166,2,5376,5344,32
douyin,legacy,168,1,2752,2704,48
douyin,legacy,172,1,2768,2768,0
douyin,legacy,174,2,5664,5600,64
douyin,legacy,176,1,2944,2832,112
douyin,legacy,178,1,2896,2864,32
douyin,legacy,179,1,2896,2880,16
douyin,legacy,180,1,2896,2896,0
douyin,legacy,185,1,3024,2976,48
douyin,legacy,186,1,2992,2992,0
douyin,legacy,190,5,15600,15280,320
douyin,legacy,191,12,37056,36864,192
douyin,legacy,192,1,3088,3088,0
douyin,legacy,194,1,3136,3120,16
douyin,legacy,198,2,6400,6368,32
douyin,legacy,205,1,3344,3296,48
douyin,legacy,208,1,3344,3344,0
douyin,legacy,214,1,3440,3440,0
douyin,legacy,218,1,3504,3504,0
douyin,legacy,220,1,3568,3536,32
douyin,legacy,222,1,3600,3568,32
douyin,legacy,229,1,3680,3680,0
douyin,legacy,230,1,3696,3696,0
douyin,legacy,242,1,3888,3888,0
douyin,legacy,243,1,3984,3904,80
douyin,legacy,246,3,11904,11856,48
douyin,legacy,249,8,32368,32000,368
douyin,legacy,252,1,4048,4048,0
douyin,legacy,269,1,4320,4320,0
douyin,legacy,288,1,4736,4624,112
douyin,legacy,295,1,4784,4736,48
douyin,legacy,299,1,4800,4800,0
douyin,legacy,310,1,5024,4976,48
douyin,legacy,311,5,24992,24960,32
douyin,legacy,313,1,5024,5024,0
douyin,legacy,319,6,30800,30720,80
douyin,legacy,334,1,5376,5360,16
douyin,legacy,336,1,5440,5392,48
douyin,legacy,346,1,5600,5552,48
douyin,legacy,359,1,5840,5760,80
douyin,legacy,368,1,5904,5904,0
douyin,legacy,382,1,6128,6128,0
douyin,legacy,431,1,6928,6912,16
douyin,legacy,479,1,7696,7680,16
douyin,legacy,538,1,8656,8624,32
douyin,legacy,578,1,9264,9264,0
douyin,legacy,601,1,9680,9632,48
douyin,legacy,640,1,10256,10256,0
douyin,legacy,666,1,10688,10672,16
douyin,legacy,725,1,11616,11616,0
douyin,legacy,779,1,12480,12480,0
douyin,legacy,854,1,13744,13680,64
douyin,legacy,895,1,14352,14336,16
douyin,legacy,1023,1,16384,16384,0
gaodeditu,legacy,0,2,32,32,0
gaodeditu,legacy,1,3940,221568,126080,95488
gaodeditu,legacy,2,2731,184144,131088,53056
gaodeditu,legacy,3,4393,347968,281152,66816
gaodeditu,legacy,4,4054,440176,324320,115856
gaodeditu,legacy,5,1193,160368,114528,45840
gaodeditu,legacy,6,849,121472,95088,26384
gaodeditu,legacy,7,731,113792,93568,20224
gaodeditu,legacy,8,583,95200,83952,11248
gaodeditu,legacy,9,399,77232,63840,13392
gaodeditu,legacy,10,346,72304,60896,11408
gaodeditu,legacy,11,309,67504,59328,8176
gaodeditu,legacy,12,309,69312,64272,5040
gaodeditu,legacy,13,234,59600,52416,7184
gaodeditu,legacy,14,173,47152,41520,5632
gaodeditu,legacy,15,163,46032,41728,4304
gaodeditu,legacy,16,184,52432,50048,2384
gaodeditu,legacy,17,109,34784,31392,3392
gaodeditu,legacy,18,83,28320,25232,3088
gaodeditu,legacy,19,118,41408,37760,3648
gaodeditu,legacy,20,104,36576,34944,1632
gaodeditu,legacy,21,62,24448,21824,2624
gaodeditu,legacy,22,72,28272,26496,1776
gaodeditu,legacy,23,52,21152,19968,1184
gaodeditu,legacy,24,80,33472,32000,1472
gaodeditu,legacy,25,40,18064,16640,1424
gaodeditu,legacy,26,38,17264,16416,848
gaodeditu,legacy,27,49,23264,21952,1312
gaodeditu,legacy,28,68,33152,31552,1600
gaodeditu,legacy,29,40,20608,19200,1408
gaodeditu,legacy,30,26,13824,12896,928
gaodeditu,legacy,31,35,19328,17920,1408
gaodeditu,legacy,32,32,17152,16896,256
gaodeditu,legacy,33,22,12784,11968,816
gaodeditu,legacy,34,19,11136,10640,496
gaodeditu,legacy,35,18,10704,10368,336
gaodeditu,legacy,36,32,19008,18944,64
gaodeditu,legacy,37,20,13072,12160,912
gaodeditu,legacy,38,28,18288,17472,816
gaodeditu,legacy,39,13,8592,8320,272
gaodeditu,legacy,40,30,20160,19680,480
gaodeditu,legacy,41,13,8976,8736,240
gaodeditu,legacy,42,13,9280,8944,336
gaodeditu,legacy,43,7,5104,4928,176
gaodeditu,legacy,44,21,15216,15120,96
gaodeditu,legacy,45,9,6896,6624,272
gaodeditu,legacy,46,21,16672,15792,880
gaodeditu,legacy,47,11,9024,8448,576
gaodeditu,legacy,48,14,10992,10976,16
gaodeditu,legacy,49,17,14544,13600,944
gaodeditu,legacy,50,8,6800,6528,272
gaodeditu,legacy,51,17,14576,14144,432
gaodeditu,legacy,52,21,17952,17808,144
gaodeditu,legacy,53,8,7248,6912,336
gaodeditu,legacy,54,13,11696,11440,256
gaodeditu,legacy,55,14,12992,12544,448
gaodeditu,legacy,56,19,17392,17328,64
gaodeditu,legacy,57,8,7872,7424,448
gaodeditu,legacy,58,4,3872,3776,96
gaodeditu,legacy,59,6,5840,5760,80
gaodeditu,legacy,60,11,10784,10736,48
gaodeditu,legacy,61,2,1984,1984,0
gaodeditu,legacy,62,5,5152,5040,112
gaodeditu,legacy,63,5,5216,5120,96
gaodeditu,legacy,64,7,7280,7280,0
gaodeditu,legacy,65,2,2192,2112,80
gaodeditu,legacy,66,14,15504,15008,496
gaodeditu,legacy,67,4,4400,4352,48
gaodeditu,legacy,68,15,17168,16560,608
gaodeditu,legacy,69,5,5840,5600,240
gaodeditu,legacy,70,8,9264,9088,176
gaodeditu,legacy,71,2,2304,2304,0
gaodeditu,legacy,72,13,15504,15184,320
gaodeditu,legacy,73,4,4880,4736,144
gaodeditu,legacy,74,2,2448,2400,48
gaodeditu,legacy,75,1,1232,1216,16
gaodeditu,legacy,76,13,16528,16016,512
gaodeditu,legacy,77,6,7728,7488,240
gaodeditu,legacy,78,10,12800,12640,160
gaodeditu,legacy,79,2,2576,2560,16
gaodeditu,legacy,80,5,6480,6480,0
gaodeditu,legacy,82,5,6896,6640,256
gaodeditu,legacy,83,1,1360,1344,16
gaodeditu,legacy,84,9,12336,12240,96
gaodeditu,legacy,85,2,2832,2752,80
gaodeditu,legacy,86,1,1424,1392,32
gaodeditu,legacy,87,9,13056,12672,384
gaodeditu,legacy,88,3,4272,4272,0
gaodeditu,legacy,89,5,7568,7200,368
gaodeditu,legacy,90,1,1456,1456,0
gaodeditu,legacy,91,3,4448,4416,32
gaodeditu,legacy,92,6,9024,8928,96
gaodeditu,legacy,93,1,1568,1504,64
gaodeditu,legacy,95,1,1552,1536,16
gaodeditu,legacy,96,4,6272,6208,64
gaodeditu,legacy,97,3,4752,4704,48
gaodeditu,legacy,98,2,3232,3168,64
gaodeditu,legacy,99,2,3232,3200,32
gaodeditu,legacy,100,2,3232,3232,0
gaodeditu,legacy,101,4,6624,6528,96
gaodeditu,legacy,102,2,3360,3296,64
gaodeditu,legacy,103,1,1664,1664,0
gaodeditu,legacy,104,2,3360,3360,0
gaodeditu,legacy,106,3,5296,5136,160
gaodeditu,legacy,107,2,3488,3456,32
gaodeditu,legacy,108,1,1744,1744,0
gaodeditu,legacy,110,1,1776,1776,0
gaodeditu,legacy,112,2,3680,3616,64
gaodeditu,legacy,115,1,1888,1856,32
gaodeditu,legacy,116,2,3744,3744,0
gaodeditu,legacy,118,6,11616,11424,192
gaodeditu,legacy,120,1,1936,1936,0
gaodeditu,legacy,123,1,2000,1984,16
gaodeditu,legacy,124,3,6000,6000,0
gaodeditu,legacy,125,4,8384,8064,320
gaodeditu,legacy,128,1,2064,2064,0
gaodeditu,legacy,130,2,4320,4192,128
gaodeditu,legacy,132,3,6512,6384,128
gaodeditu,legacy,134,2,4384,4320,64
gaodeditu,legacy,135,4,8960,8704,256
gaodeditu,legacy,136,4,8832,8768,64
gaodeditu,legacy,140,2,4512,4512,0
gaodeditu,legacy,143,1,2320,2304,16
gaodeditu,legacy,144,1,2320,2320,0
gaodeditu,legacy,147,1,2432,2368,64
gaodeditu,legacy,148,1,2384,2384,0
gaodeditu,legacy,150,1,2480,2416,64
gaodeditu,legacy,152,1,2448,2448,0
gaodeditu,legacy,153,1,2464,2464,0
gaodeditu,legacy,156,1,2512,2512,0
gaodeditu,legacy,157,2,5152,5056,96
gaodeditu,legacy,158,1,2576,2544,32
gaodeditu,legacy,161,1,2640,2592,48
gaodeditu,legacy,164,1,2640,2640,0
gaodeditu,legacy,178,1,2896,2864,32
gaodeditu,legacy,180,1,2896,2896,0
gaodeditu,legacy,185,2,6048,5952,96
gaodeditu,legacy,186,1,2992,2992,0
gaodeditu,legacy,191,2,6176,6144,32
gaodeditu,legacy,198,1,3200,3184,16
gaodeditu,legacy,218,1,3504,3504,0
gaodeditu,legacy,232,1,3728,3728,0
gaodeditu,legacy,243,1,3984,3904,80
gaodeditu,legacy,249,3,12128,12000,128
gaodeditu,legacy,252,1,4048,4048,0
gaodeditu,legacy,270,2,8704,8672,32
gaodeditu,legacy,386,2,12432,12384,48
gaodeditu,legacy,431,1,6928,6912,16
gaodeditu,legacy,437,2,14128,14016,112
gaodeditu,legacy,479,2,15392,15360,32
gaodeditu,legacy,484,1,7760,7760,0
gaodeditu,legacy,485,1,7824,7776,48
gaodeditu,legacy,563,1,9024,9024,0
gaodeditu,legacy,608,2,19488,19488,0
gaodeditu,legacy,659,3,31776,31680,96
jingdong,legacy,0,2,32,32,0
jingdong,legacy,1,12347,739264,395104,344160
jingdong,legacy,2,8490,660544,407520,253024
jingdong,legacy,3,15727,1302032,1006528,295504
jingdong,legacy,4,11455,1103664,916400,187264
jingdong,legacy,5,4707,611664,451872,159792
jingdong,legacy,6,2980,426176,333760,92416
jingdong,legacy,7,2877,458192,368256,89936
jingdong,legacy,8,1857,308032,267408,40624
jingdong,legacy,9,1491,291760,238560,53200
jingdong,legacy,10,1214,256896,213664,43232
jingdong,legacy,11,1118,242896,214656,28240
jingdong,legacy,12,1034,237744,215072,22672
jingdong,legacy,13,963,247456,215712,31744
jingdong,legacy,14,504,134192,120960,13232
jingdong,legacy,15,603,173648,154368,19280
jingdong,legacy,16,616,175952,167552,8400
jingdong,legacy,17,416,134912,119808,15104
jingdong,legacy,18,414,139440,125856,13584
jingdong,legacy,19,349,121728,111680,10048
jingdong,legacy,20,371,131824,124656,7168
jingdong,legacy,21,271,107600,95392,12208
jingdong,legacy,22,252,101088,92736,8352
jingdong,legacy,23,229,93872,87936,5936
jingdong,legacy,24,252,106240,100800,5440
jingdong,legacy,25,215,97216,89440,7776
jingdong,legacy,26,166,75296,71712,3584
jingdong,legacy,27,143,69984,64064,5920
jingdong,legacy,28,231,116224,107184,9040
jingdong,legacy,29,183,94624,87840,6784
jingdong,legacy,30,88,47792,43648,4144
jingdong,legacy,31,116,65216,59392,5824
jingdong,legacy,32,126,68000,66528,1472
jingdong,legacy,33,69,40160,37536,2624
jingdong,legacy,34,83,48640,46480,2160
jingdong,legacy,35,52,31616,29952,1664
jingdong,legacy,36,146,87344,86432,912
jingdong,legacy,37,113,73232,68704,4528
jingdong,legacy,38,91,59616,56784,2832
jingdong,legacy,39,46,30512,29440,1072
jingdong,legacy,40,82,56016,53792,2224
jingdong,legacy,41,60,42208,40320,1888
jingdong,legacy,42,62,44544,42656,1888
jingdong,legacy,43,17,12512,11968,544
jingdong,legacy,44,62,44896,44640,256
jingdong,legacy,45,67,51488,49312,2176
jingdong,legacy,46,61,49936,45872,4064
jingdong,legacy,47,63,51360,48384,2976
jingdong,legacy,48,25,19760,19600,160
jingdong,legacy,49,64,55648,51200,4448
jingdong,legacy,50,38,32080,31008,1072
jingdong,legacy,51,17,14656,14144,512
jingdong,legacy,52,33,28096,27984,112
jingdong,legacy,53,17,15152,14688,464
jingdong,legacy,54,62,55840,54560,1280
jingdong,legacy,55,31,28752,27776,976
jingdong,legacy,56,48,43952,43776,176
jingdong,legacy,57,16,15264,14848,416
jingdong,legacy,58,9,8688,8496,192
jingdong,legacy,59,19,18576,18240,336
jingdong,legacy,60,21,20784,20496,288
jingdong,legacy,61,6,6096,5952,144
jingdong,legacy,62,10,10400,10080,320
jingdong,legacy,63,24,24896,24576,320
jingdong,legacy,64,17,17728,17680,48
jingdong,legacy,65,14,15312,14784,528
jingdong,legacy,66,59,65360,63248,2112
jingdong,legacy,67,5,5504,5440,64
jingdong,legacy,68,44,51520,48576,2944
jingdong,legacy,69,14,16144,15680,464
jingdong,legacy,70,16,18672,18176,496
jingdong,legacy,71,6,7024,6912,112
jingdong,legacy,72,31,37600,36208,1392
jingdong,legacy,73,20,24528,23680,848
jingdong,legacy,74,4,4896,4800,96
jingdong,legacy,75,3,3664,3648,16
jingdong,legacy,76,30,38736,36960,1776
jingdong,legacy,77,5,6480,6240,240
jingdong,legacy,78,29,37216,36656,560
jingdong,legacy,79,14,18192,17920,272
jingdong,legacy,80,12,15600,15552,48
jingdong,legacy,82,30,40896,39840,1056
jingdong,legacy,83,3,4080,4032,48
jingdong,legacy,84,22,29920,29920,0
jingdong,legacy,85,2,2800,2752,48
jingdong,legacy,86,2,2864,2784,80
jingdong,legacy,87,14,20784,19712,1072
jingdong,legacy,88,12,17120,17088,32
jingdong,legacy,89,27,40704,38880,1824
jingdong,legacy,91,19,28304,27968,336
jingdong,legacy,92,18,27264,26784,480
jingdong,legacy,93,4,6160,6016,144
jingdong,legacy,94,3,4608,4560,48
jingdong,legacy,95,6,9312,9216,96
jingdong,legacy,96,22,34400,34144,256
jingdong,legacy,97,5,8080,7840,240
jingdong,legacy,98,13,21008,20592,416
jingdong,legacy,99,8,12928,12800,128
jingdong,legacy,100,9,14560,14544,16
jingdong,legacy,101,26,42976,42432,544
jingdong,legacy,102,17,28448,28016,432
jingdong,legacy,103,10,16784,16640,144
jingdong,legacy,104,15,25360,25200,160
jingdong,legacy,105,10,17280,16960,320
jingdong,legacy,106,16,28064,27392,672
jingdong,legacy,107,8,14080,13824,256
jingdong,legacy,108,11,19440,19184,256
jingdong,legacy,109,3,5376,5280,96
jingdong,legacy,110,3,5376,5328,48
jingdong,legacy,111,3,5408,5376,32
jingdong,legacy,112,3,5440,5424,16
jingdong,legacy,113,2,3696,3648,48
jingdong,legacy,114,1,1872,1840,32
jingdong,legacy,115,1,1872,1856,16
jingdong,legacy,116,7,13184,13104,80
jingdong,legacy,117,1,1936,1888,48
jingdong,legacy,118,24,46176,45696,480
jingdong,legacy,119,1,1920,1920,0
jingdong,legacy,120,2,3872,3872,0
jingdong,legacy,122,3,5984,5904,80
jingdong,legacy,124,3,6000,6000,0
jingdong,legacy,125,24,50128,48384,1744
jingdong,legacy,128,3,6224,6192,32
jingdong,legacy,130,4,8640,8384,256
jingdong,legacy,132,1,2128,2128,0
jingdong,legacy,133,4,8704,8576,128
jingdong,legacy,134,13,28496,28080,416
jingdong,legacy,135,23,51280,50048,1232
jingdong,legacy,136,11,24400,24112,288
jingdong,legacy,140,3,6768,6768,0
jingdong,legacy,142,1,2336,2288,48
jingdong,legacy,144,1,2320,2320,0
jingdong,legacy,145,8,18944,18688,256
jingdong,legacy,146,1,2384,2352,32
jingdong,legacy,147,2,4816,4736,80
jingdong,legacy,152,13,31824,31824,0
jingdong,legacy,153,1,2512,2464,48
jingdong,legacy,155,1,2496,2496,0
jingdong,legacy,156,1,2560,2512,48
jingdong,legacy,157,13,33488,32864,624
jingdong,legacy,163,1,2640,2624,16
jingdong,legacy,164,1,2640,2640,0
jingdong,legacy,166,1,2672,2672,0
jingdong,legacy,168,1,2752,2704,48
jingdong,legacy,172,7,19824,19376,448
jingdong,legacy,175,1,2816,2816,0
jingdong,legacy,178,1,2896,2864,32
jingdong,legacy,185,1,3024,2976,48
jingdong,legacy,186,1,2992,2992,0
jingdong,legacy,188,1,3088,3024,64
jingdong,legacy,190,2,6208,6112,96
jingdong,legacy,191,13,40144,39936,208
jingdong,legacy,193,1,3152,3104,48
jingdong,legacy,198,1,3200,3184,16
jingdong,legacy,206,1,3312,3312,0
jingdong,legacy,214,2,6912,6880,32
jingdong,legacy,218,1,3504,3504,0
jingdong,legacy,227,1,3664,3648,16
jingdong,legacy,237,1,3840,3808,32
jingdong,legacy,243,4,15936,15616,320
jingdong,legacy,249,10,40464,40000,464
jingdong,legacy,252,1,4048,4048,0
jingdong,legacy,255,1,4128,4096,32
jingdong,legacy,258,1,4160,4144,16
jingdong,legacy,265,1,4256,4256,0
jingdong,legacy,269,1,4320,4320,0
jingdong,legacy,273,2,8800,8768,32
jingdong,legacy,311,1,5008,4992,16
jingdong,legacy,313,1,5088,5024,64
jingdong,legacy,319,2,10256,10240,16
jingdong,legacy,359,3,17520,17280,240
jingdong,legacy,394,1,6352,6320,32
jingdong,legacy,425,1,6832,6816,16
jingdong,legacy,431,1,6928,6912,16
jingdong,legacy,436,1,6992,6992,0
jingdong,legacy,473,1,7632,7584,48
jingdong,legacy,479,1,7696,7680,16
jingdong,legacy,768,1,12304,12304,0
jrtt,legacy,0,2,32,32,0
jrtt,legacy,1,9085,530304,290720,239584
jrtt,legacy,2,7098,516816,340704,176112
jrtt,legacy,3,12185,1037888,779840,258048
jrtt,legacy,4,9090,964112,727200,236912
jrtt,legacy,5,4010,521440,384960,136480
jrtt,legacy,6,2406,342432,269472,72960
jrtt,legacy,7,3230,463936,413440,50496
jrtt,legacy,8,2867,441472,412848,28624
jrtt,legacy,9,1177,223712,188320,35392
jrtt,legacy,10,868,183344,152768,30576
jrtt,legacy,11,739,160640,141888,18752
jrtt,legacy,12,685,153120,142480,10640
jrtt,legacy,13,517,133040,115808,17232
jrtt,legacy,14,385,104800,92400,12400
jrtt,legacy,15,368,106640,94208,12432
jrtt,legacy,16,376,108192,102272,5920
jrtt,legacy,17,268,85792,77184,8608
jrtt,legacy,18,238,81232,72352,8880
jrtt,legacy,19,274,94736,87680,7056
jrtt,legacy,20,211,74272,70896,3376
jrtt,legacy,21,212,81344,74624,6720
jrtt,legacy,22,188,74480,69184,5296
jrtt,legacy,23,131,54304,50304,4000
jrtt,legacy,24,195,82576,78000,4576
jrtt,legacy,25,101,45344,42016,3328
jrtt,legacy,26,71,32416,30672,1744
jrtt,legacy,27,67,32832,30016,2816
jrtt,legacy,28,107,52720,49648,3072
jrtt,legacy,29,103,52560,49440,3120
jrtt,legacy,30,65,34672,32240,2432
jrtt,legacy,31,59,32112,30208,1904
jrtt,legacy,32,56,30160,29568,592
jrtt,legacy,33,37,21680,20128,1552
jrtt,legacy,34,44,25744,24640,1104
jrtt,legacy,35,35,20736,20160,576
jrtt,legacy,36,66,39408,39072,336
jrtt,legacy,37,25,16272,15200,1072
jrtt,legacy,38,56,36704,34944,1760
jrtt,legacy,39,14,9392,8960,432
jrtt,legacy,40,47,32080,30832,1248
jrtt,legacy,41,31,21664,20832,832
jrtt,legacy,42,31,22352,21328,1024
jrtt,legacy,43,17,12304,11968,336
jrtt,legacy,44,41,29632,29520,112
jrtt,legacy,45,24,18544,17664,880
jrtt,legacy,46,41,33024,30832,2192
jrtt,legacy,47,47,38256,36096,2160
jrtt,legacy,48,39,30640,30576,64
jrtt,legacy,49,43,37856,34400,3456
jrtt,legacy,50,19,16112,15504,608
jrtt,legacy,51,20,17120,16640,480
jrtt,legacy,52,64,54352,54272,80
jrtt,legacy,53,24,21696,20736,960
jrtt,legacy,54,37,33312,32560,752
jrtt,legacy,55,19,17632,17024,608
jrtt,legacy,56,49,44912,44688,224
jrtt,legacy,57,9,8752,8352,400
jrtt,legacy,58,13,12560,12272,288
jrtt,legacy,59,14,13680,13440,240
jrtt,legacy,60,19,18544,18544,0
jrtt,legacy,61,6,6256,5952,304
jrtt,legacy,62,9,9296,9072,224
jrtt,legacy,63,10,10368,10240,128
jrtt,legacy,64,11,11440,11440,0
jrtt,legacy,65,6,6624,6336,288
jrtt,legacy,66,31,34752,33232,1520
jrtt,legacy,67,2,2208,2176,32
jrtt,legacy,68,17,19776,18768,1008
jrtt,legacy,69,14,16288,15680,608
jrtt,legacy,70,9,10512,10224,288
jrtt,legacy,71,4,4640,4608,32
jrtt,legacy,72,16,19584,18688,896
jrtt,legacy,73,9,11088,10656,432
jrtt,legacy,74,4,4992,4800,192
jrtt,legacy,75,4,4944,4864,80
jrtt,legacy,76,13,16368,16016,352
jrtt,legacy,77,4,5184,4992,192
jrtt,legacy,78,19,24224,24016,208
jrtt,legacy,79,8,10336,10240,96
jrtt,legacy,80,1,1344,1296,48
jrtt,legacy,82,5,6864,6640,224
jrtt,legacy,83,4,5408,5376,32
jrtt,legacy,84,11,15008,14960,48
jrtt,legacy,85,3,4224,4128,96
jrtt,legacy,86,2,2848,2784,64
jrtt,legacy,87,11,16400,15488,912
jrtt,legacy,88,1,1424,1424,0
jrtt,legacy,89,14,21312,20160,1152
jrtt,legacy,90,1,1488,1456,32
jrtt,legacy,91,10,14864,14720,144
jrtt,legacy,92,10,15312,14880,432
jrtt,legacy,93,1,1568,1504,64
jrtt,legacy,94,1,1536,1520,16
jrtt,legacy,95,3,4688,4608,80
jrtt,legacy,96,3,4768,4656,112
jrtt,legacy,97,4,6464,6272,192
jrtt,legacy,98,1,1616,1584,32
jrtt,legacy,99,2,3216,3200,16
jrtt,legacy,100,2,3328,3232,96
jrtt,legacy,101,19,31488,31008,480
jrtt,legacy,102,11,18416,18128,288
jrtt,legacy,103,1,1664,1664,0
jrtt,legacy,104,6,10080,10080,0
jrtt,legacy,105,1,1696,1696,0
jrtt,legacy,106,10,17696,17120,576
jrtt,legacy,110,3,5344,5328,16
jrtt,legacy,111,1,1808,1792,16
jrtt,legacy,116,6,11232,11232,0
jrtt,legacy,118,9,17424,17136,288
jrtt,legacy,120,10,19376,19360,16
jrtt,legacy,124,1,2000,2000,0
jrtt,legacy,125,17,35600,34272,1328
jrtt,legacy,128,1,2176,2064,112
jrtt,legacy,130,2,4256,4192,64
jrtt,legacy,133,2,4336,4288,48
jrtt,legacy,134,10,21920,21600,320
jrtt,legacy,135,18,40224,39168,1056
jrtt,legacy,136,10,22176,21920,256
jrtt,legacy,140,3,6816,6768,48
jrtt,legacy,142,1,2304,2288,16
jrtt,legacy,144,1,2320,2320,0
jrtt,legacy,145,1,2352,2336,16
jrtt,legacy,147,2,4848,4736,112
jrtt,legacy,151,1,2448,2432,16
jrtt,legacy,152,1,2496,2448,48
jrtt,legacy,153,2,5024,4928,96
jrtt,legacy,157,3,7712,7584,128
jrtt,legacy,162,1,2640,2608,32
jrtt,legacy,164,1,2640,2640,0
jrtt,legacy,177,1,2848,2848,0
jrtt,legacy,178,1,2896,2864,32
jrtt,legacy,185,1,3024,2976,48
jrtt,legacy,186,1,2992,2992,0
jrtt,legacy,190,2,6240,6112,128
jrtt,legacy,191,1,3088,3072,16
jrtt,legacy,196,1,3152,3152,0
jrtt,legacy,198,1,3200,3184,16
jrtt,legacy,200,1,3216,3216,0
jrtt,legacy,202,1,3280,3248,32
jrtt,legacy,218,2,7040,7008,32
jrtt,legacy,219,1,3536,3520,16
jrtt,legacy,220,1,3536,3536,0
jrtt,legacy,243,1,3984,3904,80
jrtt,legacy,246,1,3968,3952,16
jrtt,legacy,249,9,36416,36000,416
jrtt,legacy,252,1,4048,4048,0
jrtt,legacy,310,1,5024,4976,48
jrtt,legacy,311,2,10000,9984,16
jrtt,legacy,319,2,10272,10240,32
jrtt,legacy,336,1,5440,5392,48
jrtt,legacy,337,1,5456,5408,48
jrtt,legacy,346,1,5600,5552,48
jrtt,legacy,359,1,5840,5760,80
jrtt,legacy,411,1,6608,6592,16
jrtt,legacy,431,1,6928,6912,16
jrtt,legacy,479,1,7696,7680,16
jrtt,legacy,591,1,9488,9472,16
jrtt,legacy,821,1,13200,13152,48
jrtt,legacy,1023,1,16384,16384,0
kuaishou,legacy,0,2,32,32,0
kuaishou,legacy,1,8065,494912,258080,236832
kuaishou,legacy,2,6329,542480,303792,238688
kuaishou,legacy,3,20547,2205392,1315008,890384
kuaishou,legacy,4,9974,1244304,797920,446384
kuaishou,legacy,5,3490,515904,335040,180864
kuaishou,legacy,6,2567,421744,287504,134240
kuaishou,legacy,7,2497,430448,319616,110832
kuaishou,legacy,8,1836,348736,264384,84352
kuaishou,legacy,9,1321,303024,211360,91664
kuaishou,legacy,10,1444,358192,254144,104048
kuaishou,legacy,11,1159,308528,222528,86000
kuaishou,legacy,12,1114,300576,231712,68864
kuaishou,legacy,13,690,197136,154560,42576
kuaishou,legacy,14,707,223136,169680,53456
kuaishou,legacy,15,447,144448,114432,30016
kuaishou,legacy,16,513,166192,139536,26656
kuaishou,legacy,17,526,194368,151488,42880
kuaishou,legacy,18,404,149408,122816,26592
kuaishou,legacy,19,424,168512,135680,32832
kuaishou,legacy,20,314,124224,105504,18720
kuaishou,legacy,21,430,188272,151360,36912
kuaishou,legacy,22,205,88880,75440,13440
kuaishou,legacy,23,283,131248,108672,22576
kuaishou,legacy,24,300,142432,120000,22432
kuaishou,legacy,25,340,172224,141440,30784
kuaishou,legacy,26,231,119360,99792,19568
kuaishou,legacy,27,207,110336,92736,17600
kuaishou,legacy,28,191,101584,88624,12960
kuaishou,legacy,29,175,96880,84000,12880
kuaishou,legacy,30,108,62192,53568,8624
kuaishou,legacy,31,160,95040,81920,13120
kuaishou,legacy,32,142,84560,74976,9584
kuaishou,legacy,33,50,30528,27200,3328
kuaishou,legacy,34,85,54672,47600,7072
kuaishou,legacy,35,63,41216,36288,4928
kuaishou,legacy,36,103,66224,60976,5248
kuaishou,legacy,37,92,63600,55936,7664
kuaishou,legacy,38,116,82080,72384,9696
kuaishou,legacy,39,133,97856,85120,12736
kuaishou,legacy,40,91,65984,59696,6288
kuaishou,legacy,41,111,85568,74592,10976
kuaishou,legacy,42,46,34912,31648,3264
kuaishou,legacy,43,31,24464,21824,2640
kuaishou,legacy,44,96,74128,69120,5008
kuaishou,legacy,45,34,27760,25024,2736
kuaishou,legacy,46,38,31696,28576,3120
kuaishou,legacy,47,21,17600,16128,1472
kuaishou,legacy,48,79,66784,61936,4848
kuaishou,legacy,49,23,19296,18400,896
kuaishou,legacy,50,25,21824,20400,1424
kuaishou,legacy,51,45,40688,37440,3248
kuaishou,legacy,52,57,50592,48336,2256
kuaishou,legacy,53,35,33344,30240,3104
kuaishou,legacy,54,42,39632,36960,2672
kuaishou,legacy,55,17,16080,15232,848
kuaishou,legacy,56,34,31328,31008,320
kuaishou,legacy,57,14,13680,12992,688
kuaishou,legacy,58,65,67728,61360,6368
kuaishou,legacy,59,27,26560,25920,640
kuaishou,legacy,60,32,31568,31232,336
kuaishou,legacy,61,41,43248,40672,2576
kuaishou,legacy,62,9,9264,9072,192
kuaishou,legacy,63,48,53328,49152,4176
kuaishou,legacy,64,26,27264,27040,224
kuaishou,legacy,65,33,37344,34848,2496
kuaishou,legacy,66,11,12288,11792,496
kuaishou,legacy,67,6,6656,6528,128
kuaishou,legacy,68,22,24640,24288,352
kuaishou,legacy,69,7,8256,7840,416
kuaishou,legacy,70,16,18688,18176,512
kuaishou,legacy,71,43,53664,49536,4128
kuaishou,legacy,72,17,20000,19856,144
kuaishou,legacy,73,27,34288,31968,2320
kuaishou,legacy,74,6,7472,7200,272
kuaishou,legacy,75,24,31312,29184,2128
kuaishou,legacy,76,34,44496,41888,2608
kuaishou,legacy,77,4,5248,4992,256
kuaishou,legacy,78,33,44976,41712,3264
kuaishou,legacy,79,21,29040,26880,2160
kuaishou,legacy,80,10,13184,12960,224
kuaishou,legacy,81,5,6848,6560,288
kuaishou,legacy,82,5,6976,6640,336
kuaishou,legacy,83,2,2816,2688,128
kuaishou,legacy,84,16,21760,21760,0
kuaishou,legacy,85,2,2848,2752,96
kuaishou,legacy,86,1,1424,1392,32
kuaishou,legacy,87,25,37472,35200,2272
kuaishou,legacy,88,28,42224,39872,2352
kuaishou,legacy,89,5,7552,7200,352
kuaishou,legacy,90,1,1568,1456,112
kuaishou,legacy,91,2,2960,2944,16
kuaishou,legacy,92,11,16480,16368,112
kuaishou,legacy,93,3,4576,4512,64
kuaishou,legacy,94,5,7744,7600,144
kuaishou,legacy,95,4,6272,6144,128
kuaishou,legacy,96,6,9488,9312,176
kuaishou,legacy,97,19,31856,29792,2064
kuaishou,legacy,98,1,1616,1584,32
kuaishou,legacy,99,3,4848,4800,48
kuaishou,legacy,100,3,4848,4848,0
kuaishou,legacy,101,28,47792,45696,2096
kuaishou,legacy,102,25,43440,41200,2240
kuaishou,legacy,103,3,5008,4992,16
kuaishou,legacy,104,3,5040,5040,0
kuaishou,legacy,105,19,34256,32224,2032
kuaishou,legacy,106,2,3520,3424,96
kuaishou,legacy,108,3,5232,5232,0
kuaishou,legacy,110,22,41232,39072,2160
kuaishou,legacy,111,1,1792,1792,0
kuaishou,legacy,112,20,38176,36160,2016
kuaishou,legacy,113,18,34848,32832,2016
kuaishou,legacy,115,3,5648,5568,80
kuaishou,legacy,116,7,13216,13104,112
kuaishou,legacy,117,1,1888,1888,0
kuaishou,legacy,118,4,7824,7616,208
kuaishou,legacy,120,21,42672,40656,2016
kuaishou,legacy,122,19,39440,37392,2048
kuaishou,legacy,124,3,6112,6000,112
kuaishou,legacy,125,12,24896,24192,704
kuaishou,legacy,126,1,2144,2032,112
kuaishou,legacy,127,2,4096,4096,0
kuaishou,legacy,128,1,2064,2064,0
kuaishou,legacy,129,1,2112,2080,32
kuaishou,legacy,130,2,4272,4192,80
kuaishou,legacy,131,1,2224,2112,112
kuaishou,legacy,132,1,2128,2128,0
kuaishou,legacy,133,2,4336,4288,48
kuaishou,legacy,134,1,2192,2160,32
kuaishou,legacy,135,29,65392,63104,2288
kuaishou,legacy,136,7,15472,15344,128
kuaishou,legacy,139,2,4640,4480,160
kuaishou,legacy,140,2,4512,4512,0
kuaishou,legacy,144,3,6960,6960,0
kuaishou,legacy,147,1,2432,2368,64
kuaishou,legacy,148,2,4768,4768,0
kuaishou,legacy,149,18,45216,43200,2016
kuaishou,legacy,151,3,7536,7296,240
kuaishou,legacy,152,1,2448,2448,0
kuaishou,legacy,153,1,2576,2464,112
kuaishou,legacy,154,1,2480,2480,0
kuaishou,legacy,156,1,2512,2512,0
kuaishou,legacy,157,1,2576,2528,48
kuaishou,legacy,160,1,2576,2576,0
kuaishou,legacy,164,3,7920,7920,0
kuaishou,legacy,165,1,2656,2656,0
kuaishou,legacy,168,1,2736,2704,32
kuaishou,legacy,169,1,2800,2720,80
kuaishou,legacy,170,1,2736,2736,0
kuaishou,legacy,178,1,2896,2864,32
kuaishou,legacy,179,1,2896,2880,16
kuaishou,legacy,185,1,3024,2976,48
kuaishou,legacy,186,1,2992,2992,0
kuaishou,legacy,191,1,3088,3072,16
kuaishou,legacy,192,1,3088,3088,0
kuaishou,legacy,193,1,3152,3104,48
kuaishou,legacy,194,1,3152,3120,32
kuaishou,legacy,196,1,3264,3152,112
kuaishou,legacy,197,1,3280,3168,112
kuaishou,legacy,198,1,3200,3184,16
kuaishou,legacy,200,1,3216,3216,0
kuaishou,legacy,204,1,3280,3280,0
kuaishou,legacy,208,1,3424,3344,80
kuaishou,legacy,214,19,67376,65360,2016
kuaishou,legacy,218,1,3504,3504,0
kuaishou,legacy,231,1,3712,3712,0
kuaishou,legacy,232,2,7456,7456,0
kuaishou,legacy,234,1,3760,3760,0
kuaishou,legacy,243,1,3984,3904,80
kuaishou,legacy,248,1,3984,3984,0
kuaishou,legacy,249,2,8080,8000,80
kuaishou,legacy,252,1,4048,4048,0
kuaishou,legacy,269,1,4320,4320,0
kuaishou,legacy,271,1,4368,4352,16
kuaishou,legacy,286,1,4624,4592,32
kuaishou,legacy,291,2,9472,9344,128
kuaishou,legacy,318,1,5136,5104,32
kuaishou,legacy,319,1,5120,5120,0
kuaishou,legacy,332,2,10784,10656,128
kuaishou,legacy,359,1,5840,5760,80
kuaishou,legacy,374,18,110016,108000,2016
kuaishou,legacy,378,1,6096,6064,32
kuaishou,legacy,431,1,6928,6912,16
kuaishou,legacy,472,1,7568,7568,0
kuaishou,legacy,479,2,15392,15360,32
kuaishou,legacy,488,1,7824,7824,0
kuaishou,legacy,502,1,8080,8048,32
kuaishou,legacy,553,1,8864,8864,0
kuaishou,legacy,683,2,22016,21888,128
kuaishou,legacy,689,1,11088,11040,48
kuaishou,legacy,741,1,11920,11872,48
kuaishou,legacy,817,6,78816,78528,288
kuaishou,legacy,818,1,13136,13104,32
kuaishou,legacy,827,1,13264,13248,16
kuaishou,legacy,833,7,93856,93408,448
kuaishou,legacy,843,1,13520,13504,16
kuaishou,legacy,933,1,14992,14944,48
kuaishou,legacy,934,1,14992,14960,32
kuaishou,legacy,935,1,14992,14976,16
kuaishou,legacy,937,1,15056,15008,48
kuaishou,legacy,941,1,15120,15072,48
kuaishou,legacy,1023,2,32768,32768,0
meituan,legacy,0,2,32,32,0
meituan,legacy,1,9446,626208,302272,323936
meituan,legacy,2,6696,490304,321408,168896
meituan,legacy,3,13090,1123648,837760,285888
meituan,legacy,4,6919,760544,553520,207024
meituan,legacy,5,3983,555680,382368,173312
meituan,legacy,6,2521,388560,282352,106208
meituan,legacy,7,1910,298768,244480,54288
meituan,legacy,8,1418,240576,204192,36384
meituan,legacy,9,1086,208432,173760,34672
meituan,legacy,10,952,207264,167552,39712
meituan,legacy,11,781,170208,149952,20256
meituan,legacy,12,712,162624,148096,14528
meituan,legacy,13,579,152512,129696,22816
meituan,legacy,14,412,112640,98880,13760
meituan,legacy,15,516,154032,132096,21936
meituan,legacy,16,449,130672,122128,8544
meituan,legacy,17,332,108672,95616,13056
meituan,legacy,18,306,102576,93024,9552
meituan,legacy,19,256,89520,81920,7600
meituan,legacy,20,230,81696,77280,4416
meituan,legacy,21,177,68752,62304,6448
meituan,legacy,22,209,99872,76912,22960
meituan,legacy,23,150,61344,57600,3744
meituan,legacy,24,178,76384,71200,5184
meituan,legacy,25,101,45792,42016,3776
meituan,legacy,26,107,49472,46224,3248
meituan,legacy,27,109,51888,48832,3056
meituan,legacy,28,120,60528,55680,4848
meituan,legacy,29,92,47232,44160,3072
meituan,legacy,30,64,34736,31744,2992
meituan,legacy,31,79,44272,40448,3824
meituan,legacy,32,71,38576,37488,1088
meituan,legacy,33,38,22368,20672,1696
meituan,legacy,34,60,35024,33600,1424
meituan,legacy,35,42,25392,24192,1200
meituan,legacy,36,55,33104,32560,544
meituan,legacy,37,56,36432,34048,2384
meituan,legacy,38,82,53440,51168,2272
meituan,legacy,39,36,24352,23040,1312
meituan,legacy,40,37,25648,24272,1376
meituan,legacy,41,30,21008,20160,848
meituan,legacy,42,29,20672,19952,720
meituan,legacy,43,20,14464,14080,384
meituan,legacy,44,43,31120,30960,160
meituan,legacy,45,29,22352,21344,1008
meituan,legacy,46,52,42000,39104,2896
meituan,legacy,47,44,35280,33792,1488
meituan,legacy,48,21,16640,16464,176
meituan,legacy,49,40,34720,32000,2720
meituan,legacy,50,12,10144,9792,352
meituan,legacy,51,26,22416,21632,784
meituan,legacy,52,39,33408,33072,336
meituan,legacy,53,13,11616,11232,384
meituan,legacy,54,33,29664,29040,624
meituan,legacy,55,36,33424,32256,1168
meituan,legacy,56,33,30304,30096,208
meituan,legacy,57,13,12448,12064,384
meituan,legacy,58,15,14640,14160,480
meituan,legacy,59,22,21520,21120,400
meituan,legacy,60,19,18688,18544,144
meituan,legacy,61,6,6160,5952,208
meituan,legacy,62,10,10304,10080,224
meituan,legacy,63,6,6224,6144,80
meituan,legacy,64,10,10416,10400,16
meituan,legacy,65,6,6432,6336,96
meituan,legacy,66,35,38832,37520,1312
meituan,legacy,67,11,12192,11968,224
meituan,legacy,68,25,29120,27600,1520
meituan,legacy,69,13,15168,14560,608
meituan,legacy,70,11,12784,12496,288
meituan,legacy,71,7,8144,8064,80
meituan,legacy,72,20,24032,23360,672
meituan,legacy,73,15,18432,17760,672
meituan,legacy,74,7,8528,8400,128
meituan,legacy,75,7,8608,8512,96
meituan,legacy,76,18,23680,22176,1504
meituan,legacy,77,8,10272,9984,288
meituan,legacy,78,16,20560,20224,336
meituan,legacy,79,8,10368,10240,128
meituan,legacy,80,6,7808,7776,32
meituan,legacy,81,2,2624,2624,0
meituan,legacy,82,9,12480,11952,528
meituan,legacy,83,4,5440,5376,64
meituan,legacy,84,9,12256,12240,16
meituan,legacy,85,8,11296,11008,288
meituan,legacy,86,1,1424,1392,32
meituan,legacy,87,13,18992,18304,688
meituan,legacy,88,3,4320,4272,48
meituan,legacy,89,19,28656,27360,1296
meituan,legacy,90,1,1488,1456,32
meituan,legacy,91,8,11920,11776,144
meituan,legacy,92,11,16656,16368,288
meituan,legacy,93,2,3104,3008,96
meituan,legacy,94,7,10768,10640,128
meituan,legacy,95,8,12400,12288,112
meituan,legacy,96,4,6304,6208,96
meituan,legacy,97,7,11280,10976,304
meituan,legacy,98,9,14512,14256,256
meituan,legacy,99,5,8080,8000,80
meituan,legacy,101,12,19872,19584,288
meituan,legacy,102,7,11728,11536,192
meituan,legacy,103,1,1664,1664,0
meituan,legacy,104,1,1680,1680,0
meituan,legacy,105,3,5184,5088,96
meituan,legacy,106,7,12400,11984,416
meituan,legacy,109,1,1776,1760,16
meituan,legacy,110,7,12432,12432,0
meituan,legacy,112,2,3648,3616,32
meituan,legacy,113,2,3664,3648,16
meituan,legacy,115,3,5680,5568,112
meituan,legacy,116,1,1872,1872,0
meituan,legacy,118,8,15488,15232,256
meituan,legacy,119,1,1920,1920,0
meituan,legacy,120,1,1984,1936,48
meituan,legacy,122,1,2000,1968,32
meituan,legacy,123,1,2000,1984,16
meituan,legacy,124,6,12000,12000,0
meituan,legacy,125,12,25152,24192,960
meituan,legacy,130,5,10800,10480,320
meituan,legacy,133,1,2176,2144,32
meituan,legacy,134,5,10960,10800,160
meituan,legacy,135,13,29056,28288,768
meituan,legacy,136,6,13312,13152,160
meituan,legacy,140,1,2256,2256,0
meituan,legacy,142,1,2400,2288,112
meituan,legacy,147,1,2432,2368,64
meituan,legacy,148,1,2384,2384,0
meituan,legacy,149,1,2464,2400,64
meituan,legacy,151,1,2464,2432,32
meituan,legacy,152,1,2496,2448,48
meituan,legacy,153,1,2464,2464,0
meituan,legacy,157,6,15456,15168,288
meituan,legacy,158,1,2544,2544,0
meituan,legacy,164,1,2640,2640,0
meituan,legacy,166,2,5408,5344,64
meituan,legacy,176,1,2832,2832,0
meituan,legacy,178,1,2896,2864,32
meituan,legacy,179,1,2896,2880,16
meituan,legacy,185,1,3024,2976,48
meituan,legacy,186,1,2992,2992,0
meituan,legacy,191,6,18528,18432,96
meituan,legacy,192,1,3136,3088,48
meituan,legacy,198,1,3200,3184,16
meituan,legacy,202,1,3248,3248,0
meituan,legacy,215,1,3472,3456,16
meituan,legacy,218,1,3504,3504,0
meituan,legacy,219,1,3552,3520,32
meituan,legacy,230,1,3728,3696,32
meituan,legacy,234,5,18960,18800,160
meituan,legacy,236,1,3792,3792,0
meituan,legacy,239,1,3840,3840,0
meituan,legacy,243,1,3984,3904,80
meituan,legacy,248,1,3984,3984,0
meituan,legacy,249,7,28320,28000,320
meituan,legacy,252,1,4048,4048,0
meituan,legacy,353,2,11424,11328,96
meituan,legacy,359,2,11680,11520,160
meituan,legacy,431,1,6928,6912,16
meituan,legacy,479,2,15392,15360,32
meituan,legacy,1023,1,16384,16384,0
meituanzhongbao,legacy,0,2,32,32,0
meituanzhongbao,legacy,1,6338,464528,202816,261712
meituanzhongbao,legacy,2,5086,384384,244128,140256
meituanzhongbao,legacy,3,9284,846768,594176,252592
meituanzhongbao,legacy,4,5495,619696,439600,180096
meituanzhongbao,legacy,5,2637,373136,253152,119984
meituanzhongbao,legacy,6,1789,279296,200368,78928
meituanzhongbao,legacy,7,1495,247248,191360,55888
meituanzhongbao,legacy,8,1044,179008,150336,28672
meituanzhongbao,legacy,9,723,144464,115680,28784
meituanzhongbao,legacy,10,664,148960,116864,32096
meituanzhongbao,legacy,11,504,111408,96768,14640
meituanzhongbao,legacy,12,519,120736,107952,12784
meituanzhongbao,legacy,13,381,103088,85344,17744
meituanzhongbao,legacy,14,256,71424,61440,9984
meituanzhongbao,legacy,15,323,93984,82688,11296
meituanzhongbao,legacy,16,305,90192,82960,7232
meituanzhongbao,legacy,17,194,63824,55872,7952
meituanzhongbao,legacy,18,200,68240,60800,7440
meituanzhongbao,legacy,19,170,60176,54400,5776
meituanzhongbao,legacy,20,146,52560,49056,3504
meituanzhongbao,legacy,21,120,47632,42240,5392
meituanzhongbao,legacy,22,112,44768,41216,3552
meituanzhongbao,legacy,23,87,35632,33408,2224
meituanzhongbao,legacy,24,132,57376,52800,4576
meituanzhongbao,legacy,25,68,31280,28288,2992
meituanzhongbao,legacy,26,50,23440,21600,1840
meituanzhongbao,legacy,27,70,33616,31360,2256
meituanzhongbao,legacy,28,85,43744,39440,4304
meituanzhongbao,legacy,29,68,35248,32640,2608
meituanzhongbao,legacy,30,49,26864,24304,2560
meituanzhongbao,legacy,31,52,29744,26624,3120
meituanzhongbao,legacy,32,54,29312,28512,800
meituanzhongbao,legacy,33,19,11680,10336,1344
meituanzhongbao,legacy,34,47,27216,26320,896
meituanzhongbao,legacy,35,21,12752,12096,656
meituanzhongbao,legacy,36,45,27088,26640,448
meituanzhongbao,legacy,37,31,20848,18848,2000
meituanzhongbao,legacy,38,60,39232,37440,1792
meituanzhongbao,legacy,39,19,13040,12160,880
meituanzhongbao,legacy,40,28,19568,18368,1200
meituanzhongbao,legacy,41,20,14064,13440,624
meituanzhongbao,legacy,42,20,14400,13760,640
meituanzhongbao,legacy,43,13,9632,9152,480
meituanzhongbao,legacy,44,25,18064,18000,64
meituanzhongbao,legacy,45,20,15584,14720,864
meituanzhongbao,legacy,46,33,27152,24816,2336
meituanzhongbao,legacy,47,32,26064,24576,1488
meituanzhongbao,legacy,48,5,3936,3920,16
meituanzhongbao,legacy,49,25,22240,20000,2240
meituanzhongbao,legacy,50,10,8544,8160,384
meituanzhongbao,legacy,51,8,6960,6656,304
meituanzhongbao,legacy,52,14,11872,11872,0
meituanzhongbao,legacy,53,6,5360,5184,176
meituanzhongbao,legacy,54,22,19824,19360,464
meituanzhongbao,legacy,55,29,27040,25984,1056
meituanzhongbao,legacy,56,18,16512,16416,96
meituanzhongbao,legacy,57,4,3920,3712,208
meituanzhongbao,legacy,58,15,14528,14160,368
meituanzhongbao,legacy,59,8,7808,7680,128
meituanzhongbao,legacy,60,8,7856,7808,48
meituanzhongbao,legacy,61,3,3024,2976,48
meituanzhongbao,legacy,62,1,1008,1008,0
meituanzhongbao,legacy,63,1,1040,1024,16
meituanzhongbao,legacy,64,6,6240,6240,0
meituanzhongbao,legacy,65,2,2160,2112,48
meituanzhongbao,legacy,66,30,33408,32160,1248
meituanzhongbao,legacy,67,6,6624,6528,96
meituanzhongbao,legacy,68,18,21264,19872,1392
meituanzhongbao,legacy,69,2,2336,2240,96
meituanzhongbao,legacy,70,11,12768,12496,272
meituanzhongbao,legacy,71,4,4640,4608,32
meituanzhongbao,legacy,72,17,20528,19856,672
meituanzhongbao,legacy,73,8,9808,9472,336
meituanzhongbao,legacy,74,3,3664,3600,64
meituanzhongbao,legacy,75,1,1232,1216,16
meituanzhongbao,legacy,76,17,22432,20944,1488
meituanzhongbao,legacy,77,2,2592,2496,96
meituanzhongbao,legacy,78,9,11472,11376,96
meituanzhongbao,legacy,79,3,3888,3840,48
meituanzhongbao,legacy,80,2,2592,2592,0
meituanzhongbao,legacy,81,1,1360,1312,48
meituanzhongbao,legacy,82,6,8400,7968,432
meituanzhongbao,legacy,83,1,1360,1344,16
meituanzhongbao,legacy,84,7,9520,9520,0
meituanzhongbao,legacy,85,7,9920,9632,288
meituanzhongbao,legacy,87,10,14720,14080,640
meituanzhongbao,legacy,88,1,1424,1424,0
meituanzhongbao,legacy,89,14,21216,20160,1056
meituanzhongbao,legacy,90,1,1488,1456,32
meituanzhongbao,legacy,91,7,10400,10304,96
meituanzhongbao,legacy,92,8,12192,11904,288
meituanzhongbao,legacy,93,1,1568,1504,64
meituanzhongbao,legacy,94,6,9216,9120,96
meituanzhongbao,legacy,95,2,3120,3072,48
meituanzhongbao,legacy,96,2,3168,3104,64
meituanzhongbao,legacy,97,8,12896,12544,352
meituanzhongbao,legacy,98,7,11312,11088,224
meituanzhongbao,legacy,99,5,8080,8000,80
meituanzhongbao,legacy,101,12,19872,19584,288
meituanzhongbao,legacy,102,6,10080,9888,192
meituanzhongbao,legacy,103,2,3376,3328,48
meituanzhongbao,legacy,106,7,12400,11984,416
meituanzhongbao,legacy,107,1,1744,1728,16
meituanzhongbao,legacy,110,7,12432,12432,0
meituanzhongbao,legacy,116,1,1872,1872,0
meituanzhongbao,legacy,117,1,1936,1888,48
meituanzhongbao,legacy,118,9,17424,17136,288
meituanzhongbao,legacy,120,1,1936,1936,0
meituanzhongbao,legacy,124,6,12000,12000,0
meituanzhongbao,legacy,125,12,25152,24192,960
meituanzhongbao,legacy,126,1,2064,2032,32
meituanzhongbao,legacy,127,1,2048,2048,0
meituanzhongbao,legacy,128,1,2064,2064,0
meituanzhongbao,legacy,129,1,2080,2080,0
meituanzhongbao,legacy,130,5,10800,10480,320
meituanzhongbao,legacy,134,5,10960,10800,160
meituanzhongbao,legacy,135,12,26880,26112,768
meituanzhongbao,legacy,136,6,13312,13152,160
meituanzhongbao,legacy,139,1,2352,2240,112
meituanzhongbao,legacy,140,1,2256,2256,0
meituanzhongbao,legacy,147,2,4816,4736,80
meituanzhongbao,legacy,157,6,15456,15168,288
meituanzhongbao,legacy,164,1,2640,2640,0
meituanzhongbao,legacy,171,1,2768,2752,16
meituanzhongbao,legacy,177,1,2896,2848,48
meituanzhongbao,legacy,178,1,2896,2864,32
meituanzhongbao,legacy,182,1,2928,2928,0
meituanzhongbao,legacy,185,7,21168,20832,336
meituanzhongbao,legacy,186,1,2992,2992,0
meituanzhongbao,legacy,187,2,6048,6016,32
meituanzhongbao,legacy,191,6,18528,18432,96
meituanzhongbao,legacy,198,1,3200,3184,16
meituanzhongbao,legacy,202,1,3264,3248,16
meituanzhongbao,legacy,214,1,3440,3440,0
meituanzhongbao,legacy,218,1,3504,3504,0
meituanzhongbao,legacy,235,1,3792,3776,16
meituanzhongbao,legacy,243,1,3984,3904,80
meituanzhongbao,legacy,249,7,28320,28000,320
meituanzhongbao,legacy,252,1,4048,4048,0
meituanzhongbao,legacy,269,1,4320,4320,0
meituanzhongbao,legacy,319,1,5120,5120,0
meituanzhongbao,legacy,359,1,5840,5760,80
meituanzhongbao,legacy,431,1,6928,6912,16
meituanzhongbao,legacy,479,1,7696,7680,16
pinduoduo,legacy,0,4,208,64,144
pinduoduo,legacy,1,9908,610928,317056,293872
pinduoduo,legacy,2,7718,565728,370464,195264
pinduoduo,legacy,3,10564,940528,676096,264432
pinduoduo,legacy,4,8554,863152,684320,178832
pinduoduo,legacy,5,3490,471904,335040,136864
pinduoduo,legacy,6,2462,355712,275744,79968
pinduoduo,legacy,7,2255,366304,288640,77664
pinduoduo,legacy,8,1691,279856,243504,36352
pinduoduo,legacy,9,1174,234816,187840,46976
pinduoduo,legacy,10,1007,216240,177232,39008
pinduoduo,legacy,11,787,177136,151104,26032
pinduoduo,legacy,12,706,161584,146848,14736
pinduoduo,legacy,13,544,144976,121856,23120
pinduoduo,legacy,14,420,117296,100800,16496
pinduoduo,legacy,15,441,125936,112896,13040
pinduoduo,legacy,16,381,106992,103632,3360
pinduoduo,legacy,17,225,72784,64800,7984
pinduoduo,legacy,18,284,95552,86336,9216
pinduoduo,legacy,19,205,71376,65600,5776
pinduoduo,legacy,20,287,103536,96432,7104
pinduoduo,legacy,21,185,72944,65120,7824
pinduoduo,legacy,22,212,85952,78016,7936
pinduoduo,legacy,23,179,75216,68736,6480
pinduoduo,legacy,24,191,80160,76400,3760
pinduoduo,legacy,25,110,51024,45760,5264
pinduoduo,legacy,26,96,43584,41472,2112
pinduoduo,legacy,27,118,55888,52864,3024
pinduoduo,legacy,28,177,89248,82128,7120
pinduoduo,legacy,29,167,87584,80160,7424
pinduoduo,legacy,30,70,37872,34720,3152
pinduoduo,legacy,31,96,54720,49152,5568
pinduoduo,legacy,32,78,43632,41184,2448
pinduoduo,legacy,33,55,31648,29920,1728
pinduoduo,legacy,34,18,10656,10080,576
pinduoduo,legacy,35,24,15056,13824,1232
pinduoduo,legacy,36,74,44464,43808,656
pinduoduo,legacy,37,50,34544,30400,4144
pinduoduo,legacy,38,89,59360,55536,3824
pinduoduo,legacy,39,49,33072,31360,1712
pinduoduo,legacy,40,55,37952,36080,1872
pinduoduo,legacy,41,44,31200,29568,1632
pinduoduo,legacy,42,34,24544,23392,1152
pinduoduo,legacy,43,3,2272,2112,160
pinduoduo,legacy,44,39,28096,28080,16
pinduoduo,legacy,45,31,24208,22816,1392
pinduoduo,legacy,46,62,49952,46624,3328
pinduoduo,legacy,47,52,41216,39936,1280
pinduoduo,legacy,48,38,30432,29792,640
pinduoduo,legacy,49,44,38880,35200,3680
pinduoduo,legacy,50,33,27536,26928,608
pinduoduo,legacy,51,20,18288,16640,1648
pinduoduo,legacy,52,6,5088,5088,0
pinduoduo,legacy,53,6,5392,5184,208
pinduoduo,legacy,54,25,22272,22000,272
pinduoduo,legacy,55,15,14768,13440,1328
pinduoduo,legacy,56,23,20976,20976,0
pinduoduo,legacy,57,18,18400,16704,1696
pinduoduo,legacy,58,2,1920,1888,32
pinduoduo,legacy,59,19,18496,18240,256
pinduoduo,legacy,60,9,8848,8784,64
pinduoduo,legacy,61,3,3104,2976,128
pinduoduo,legacy,62,18,18496,18144,352
pinduoduo,legacy,63,18,18688,18432,256
pinduoduo,legacy,64,5,5200,5200,0
pinduoduo,legacy,65,4,4272,4224,48
pinduoduo,legacy,66,43,47904,46096,1808
pinduoduo,legacy,67,1,1104,1088,16
pinduoduo,legacy,68,22,26000,24288,1712
pinduoduo,legacy,69,18,21024,20160,864
pinduoduo,legacy,70,16,18688,18176,512
pinduoduo,legacy,71,4,4672,4608,64
pinduoduo,legacy,72,9,10736,10512,224
pinduoduo,legacy,73,15,18432,17760,672
pinduoduo,legacy,75,1,1216,1216,0
pinduoduo,legacy,76,17,22752,20944,1808
pinduoduo,legacy,77,16,20720,19968,752
pinduoduo,legacy,78,7,9008,8848,160
pinduoduo,legacy,79,17,22032,21760,272
pinduoduo,legacy,82,2,2768,2656,112
pinduoduo,legacy,83,1,1360,1344,16
pinduoduo,legacy,84,14,19040,19040,0
pinduoduo,legacy,85,2,2848,2752,96
pinduoduo,legacy,87,6,8688,8448,240
pinduoduo,legacy,89,26,39456,37440,2016
pinduoduo,legacy,90,1,1488,1456,32
pinduoduo,legacy,91,3,4448,4416,32
pinduoduo,legacy,92,15,22992,22320,672
pinduoduo,legacy,93,2,3104,3008,96
pinduoduo,legacy,95,1,1552,1536,16
pinduoduo,legacy,96,1,1616,1552,64
pinduoduo,legacy,97,11,17776,17248,528
pinduoduo,legacy,98,14,22640,22176,464
pinduoduo,legacy,99,1,1616,1600,16
pinduoduo,legacy,100,1,1616,1616,0
pinduoduo,legacy,101,28,46336,45696,640
pinduoduo,legacy,102,13,21840,21424,416
pinduoduo,legacy,103,1,1664,1664,0
pinduoduo,legacy,106,3,5296,5136,160
pinduoduo,legacy,110,1,1776,1776,0
pinduoduo,legacy,116,4,7584,7488,96
pinduoduo,legacy,118,14,27104,26656,448
pinduoduo,legacy,121,1,2000,1952,48
pinduoduo,legacy,124,2,4000,4000,0
pinduoduo,legacy,125,26,54432,52416,2016
pinduoduo,legacy,130,1,2160,2096,64
pinduoduo,legacy,134,13,28496,28080,416
pinduoduo,legacy,135,27,60336,58752,1584
pinduoduo,legacy,136,3,6640,6576,64
pinduoduo,legacy,140,1,2256,2256,0
pinduoduo,legacy,145,1,2352,2336,16
pinduoduo,legacy,147,1,2432,2368,64
pinduoduo,legacy,157,14,36064,35392,672
pinduoduo,legacy,164,1,2640,2640,0
pinduoduo,legacy,178,1,2896,2864,32
pinduoduo,legacy,185,1,3024,2976,48
pinduoduo,legacy,186,1,2992,2992,0
pinduoduo,legacy,191,13,40144,39936,208
pinduoduo,legacy,198,1,3200,3184,16
pinduoduo,legacy,218,1,3504,3504,0
pinduoduo,legacy,249,3,12128,12000,128
pinduoduo,legacy,252,1,4048,4048,0
pinduoduo,legacy,350,2,11296,11232,64
pinduoduo,legacy,359,2,11680,11520,160
pinduoduo,legacy,385,1,6224,6176,48
pinduoduo,legacy,431,1,6928,6912,16
pinduoduo,legacy,479,1,7696,7680,16
taobao,legacy,0,2,32,32,0
taobao,legacy,1,4383,255472,140256,115216
taobao,legacy,2,3885,257616,186480,71136
taobao,legacy,3,6557,524144,419648,104496
taobao,legacy,4,4342,477024,347360,129664
taobao,legacy,5,1662,219264,159552,59712
taobao,legacy,6,1221,171680,136752,34928
taobao,legacy,7,990,152240,126720,25520
taobao,legacy,8,714,116992,102816,14176
taobao,legacy,9,555,106976,88800,18176
taobao,legacy,10,420,87552,73920,13632
taobao,legacy,11,383,85152,73536,11616
taobao,legacy,12,351,81088,73008,8080
taobao,legacy,13,283,71552,63392,8160
taobao,legacy,14,221,59632,53040,6592
taobao,legacy,15,178,49808,45568,4240
taobao,legacy,16,187,53280,50864,2416
taobao,legacy,17,174,56400,50112,6288
taobao,legacy,18,134,44976,40736,4240
taobao,legacy,19,124,43744,39680,4064
taobao,legacy,20,123,43200,41328,1872
taobao,legacy,21,80,30576,28160,2416
taobao,legacy,22,72,28880,26496,2384
taobao,legacy,23,81,32752,31104,1648
taobao,legacy,24,85,35424,34000,1424
taobao,legacy,25,65,28688,27040,1648
taobao,legacy,26,43,19824,18576,1248
taobao,legacy,27,53,25440,23744,1696
taobao,legacy,28,65,32576,30160,2416
taobao,legacy,29,52,26448,24960,1488
taobao,legacy,30,40,20992,19840,1152
taobao,legacy,31,33,18176,16896,1280
taobao,legacy,32,37,20096,19536,560
taobao,legacy,33,25,14464,13600,864
taobao,legacy,34,24,14208,13440,768
taobao,legacy,35,29,17344,16704,640
taobao,legacy,36,31,18592,18352,240
taobao,legacy,37,19,12304,11552,752
taobao,legacy,38,28,18304,17472,832
taobao,legacy,39,9,5936,5760,176
taobao,legacy,40,28,18944,18368,576
taobao,legacy,41,12,8416,8064,352
taobao,legacy,42,19,13664,13072,592
taobao,legacy,43,6,4448,4224,224
taobao,legacy,44,20,14496,14400,96
taobao,legacy,45,16,12400,11776,624
taobao,legacy,46,19,14928,14288,640
taobao,legacy,47,11,8800,8448,352
taobao,legacy,48,28,22112,21952,160
taobao,legacy,49,11,9488,8800,688
taobao,legacy,50,11,9360,8976,384
taobao,legacy,51,10,8640,8320,320
taobao,legacy,52,25,21248,21200,48
taobao,legacy,53,9,8208,7776,432
taobao,legacy,54,19,17088,16720,368
taobao,legacy,55,13,11984,11648,336
taobao,legacy,56,32,29296,29184,112
taobao,legacy,57,9,8704,8352,352
taobao,legacy,58,4,3840,3776,64
taobao,legacy,59,14,13584,13440,144
taobao,legacy,60,15,14688,14640,48
taobao,legacy,61,3,3104,2976,128
taobao,legacy,62,5,5072,5040,32
taobao,legacy,63,4,4160,4096,64
taobao,legacy,64,13,13632,13520,112
taobao,legacy,65,5,5472,5280,192
taobao,legacy,66,16,17840,17152,688
taobao,legacy,67,4,4400,4352,48
taobao,legacy,68,14,15888,15456,432
taobao,legacy,69,4,4624,4480,144
taobao,legacy,70,5,5824,5680,144
taobao,legacy,71,2,2304,2304,0
taobao,legacy,72,15,17776,17520,256
taobao,legacy,73,5,6128,5920,208
taobao,legacy,74,3,3712,3600,112
taobao,legacy,75,5,6224,6080,144
taobao,legacy,76,12,15472,14784,688
taobao,legacy,77,3,3840,3744,96
taobao,legacy,78,3,3888,3792,96
taobao,legacy,79,4,5184,5120,64
taobao,legacy,80,8,10464,10368,96
taobao,legacy,81,1,1312,1312,0
taobao,legacy,82,1,1360,1328,32
taobao,legacy,83,2,2720,2688,32
taobao,legacy,84,8,10880,10880,0
taobao,legacy,85,1,1424,1376,48
taobao,legacy,86,1,1392,1392,0
taobao,legacy,87,6,8576,8448,128
taobao,legacy,88,5,7120,7120,0
taobao,legacy,89,10,14864,14400,464
taobao,legacy,91,4,5920,5888,32
taobao,legacy,92,6,9024,8928,96
taobao,legacy,93,5,7744,7520,224
taobao,legacy,94,6,9424,9120,304
taobao,legacy,95,4,6208,6144,64
taobao,legacy,96,3,4720,4656,64
taobao,legacy,97,2,3232,3136,96
taobao,legacy,98,4,6464,6336,128
taobao,legacy,100,1,1616,1616,0
taobao,legacy,101,6,9888,9792,96
taobao,legacy,102,4,6720,6592,128
taobao,legacy,103,1,1664,1664,0
taobao,legacy,105,1,1744,1696,48
taobao,legacy,106,2,3472,3424,48
taobao,legacy,108,1,1760,1744,16
taobao,legacy,109,1,1760,1760,0
taobao,legacy,110,2,3552,3552,0
taobao,legacy,114,1,1840,1840,0
taobao,legacy,115,1,1904,1856,48
taobao,legacy,116,1,1872,1872,0
taobao,legacy,117,1,1888,1888,0
taobao,legacy,118,6,11616,11424,192
taobao,legacy,122,1,1984,1968,16
taobao,legacy,124,1,2000,2000,0
taobao,legacy,125,5,10384,10080,304
taobao,legacy,129,1,2128,2080,48
taobao,legacy,132,1,2192,2128,64
taobao,legacy,134,1,2192,2160,32
taobao,legacy,135,5,11056,10880,176
taobao,legacy,136,3,6656,6576,80
taobao,legacy,140,1,2256,2256,0
taobao,legacy,147,1,2432,2368,64
taobao,legacy,157,1,2576,2528,48
taobao,legacy,164,1,2640,2640,0
taobao,legacy,178,2,5792,5728,64
taobao,legacy,185,1,3024,2976,48
taobao,legacy,186,1,2992,2992,0
taobao,legacy,191,4,12352,12288,64
taobao,legacy,198,2,6400,6368,32
taobao,legacy,218,1,3504,3504,0
taobao,legacy,249,2,8080,8000,80
taobao,legacy,250,1,4016,4016,0
taobao,legacy,252,1,4048,4048,0
taobao,legacy,359,1,5840,5760,80
taobao,legacy,404,1,6528,6480,48
taobao,legacy,431,1,6928,6912,16
taobao,legacy,479,1,7696,7680,16
taobao,legacy,850,1,13648,13616,32
taobao,legacy,893,1,14352,14304,48
wechat,legacy,0,2,32,32,0
wechat,legacy,1,4539,237552,145248,92304
wechat,legacy,2,4818,349696,231264,118432
wechat,legacy,3,8885,695088,568640,126448
wechat,legacy,4,5349,555648,427920,127728
wechat,legacy,5,2082,257216,199872,57344
wechat,legacy,6,4724,623376,529088,94288
wechat,legacy,7,1299,194016,166272,27744
wechat,legacy,8,1177,196464,169488,26976
wechat,legacy,9,688,125376,110080,15296
wechat,legacy,10,619,125952,108944,17008
wechat,legacy,11,474,101856,91008,10848
wechat,legacy,12,464,104896,96512,8384
wechat,legacy,13,341,84608,76384,8224
wechat,legacy,14,298,80176,71520,8656
wechat,legacy,15,202,56848,51712,5136
wechat,legacy,16,230,66704,62560,4144
wechat,legacy,17,179,55296,51552,3744
wechat,legacy,18,166,54400,50464,3936
wechat,legacy,19,153,53776,48960,4816
wechat,legacy,20,133,47200,44688,2512
wechat,legacy,21,94,35712,33088,2624
wechat,legacy,22,115,45360,42320,3040
wechat,legacy,23,62,25344,23808,1536
wechat,legacy,24,90,37760,36000,1760
wechat,legacy,25,71,31024,29536,1488
wechat,legacy,26,75,34400,32400,2000
wechat,legacy,27,70,33504,31360,2144
wechat,legacy,28,62,30304,28768,1536
wechat,legacy,29,46,23152,22080,1072
wechat,legacy,30,52,27024,25792,1232
wechat,legacy,31,44,23952,22528,1424
wechat,legacy,32,44,24064,23232,832
wechat,legacy,33,39,22368,21216,1152
wechat,legacy,34,38,22000,21280,720
wechat,legacy,35,30,18080,17280,800
wechat,legacy,36,48,29328,28416,912
wechat,legacy,37,32,20336,19456,880
wechat,legacy,38,50,32720,31200,1520
wechat,legacy,39,25,16688,16000,688
wechat,legacy,40,39,26432,25584,848
wechat,legacy,41,23,16128,15456,672
wechat,legacy,42,20,14336,13760,576
wechat,legacy,43,12,8656,8448,208
wechat,legacy,44,15,10896,10800,96
wechat,legacy,45,19,14352,13984,368
wechat,legacy,46,19,14960,14288,672
wechat,legacy,47,18,14528,13824,704
wechat,legacy,48,13,10352,10192,160
wechat,legacy,49,16,13440,12800,640
wechat,legacy,50,9,7664,7344,320
wechat,legacy,51,13,11216,10816,400
wechat,legacy,52,18,15536,15264,272
wechat,legacy,53,8,7056,6912,144
wechat,legacy,54,15,13520,13200,320
wechat,legacy,55,10,9312,8960,352
wechat,legacy,56,22,20256,20064,192
wechat,legacy,57,8,7744,7424,320
wechat,legacy,58,12,11600,11328,272
wechat,legacy,59,10,9776,9600,176
wechat,legacy,60,10,9872,9760,112
wechat,legacy,61,5,5200,4960,240
wechat,legacy,62,10,10256,10080,176
wechat,legacy,63,7,7328,7168,160
wechat,legacy,64,5,5232,5200,32
wechat,legacy,65,5,5456,5280,176
wechat,legacy,66,11,12288,11792,496
wechat,legacy,67,3,3312,3264,48
wechat,legacy,68,13,14656,14352,304
wechat,legacy,69,5,5840,5600,240
wechat,legacy,70,7,8160,7952,208
wechat,legacy,71,5,5856,5760,96
wechat,legacy,72,13,15408,15184,224
wechat,legacy,73,7,8528,8288,240
wechat,legacy,74,4,4912,4800,112
wechat,legacy,75,6,7488,7296,192
wechat,legacy,76,6,7776,7392,384
wechat,legacy,77,5,6448,6240,208
wechat,legacy,78,7,8976,8848,128
wechat,legacy,79,8,10528,10240,288
wechat,legacy,80,5,6560,6480,80
wechat,legacy,81,4,5248,5248,0
wechat,legacy,82,3,4208,3984,224
wechat,legacy,83,5,6784,6720,64
wechat,legacy,84,4,5488,5440,48
wechat,legacy,85,6,8448,8256,192
wechat,legacy,86,4,5648,5568,80
wechat,legacy,87,8,11456,11264,192
wechat,legacy,88,2,2864,2848,16
wechat,legacy,89,5,7456,7200,256
wechat,legacy,91,2,2960,2944,16
wechat,legacy,92,4,6000,5952,48
wechat,legacy,93,1,1568,1504,64
wechat,legacy,94,4,6144,6080,64
wechat,legacy,95,3,4752,4608,144
wechat,legacy,96,4,6352,6208,144
wechat,legacy,97,5,8000,7840,160
wechat,legacy,98,4,6400,6336,64
wechat,legacy,99,1,1616,1600,16
wechat,legacy,101,4,6624,6528,96
wechat,legacy,102,1,1680,1648,32
wechat,legacy,103,1,1664,1664,0
wechat,legacy,105,2,3488,3392,96
wechat,legacy,106,2,3520,3424,96
wechat,legacy,107,1,1760,1728,32
wechat,legacy,109,2,3632,3520,112
wechat,legacy,110,1,1776,1776,0
wechat,legacy,113,1,1856,1824,32
wechat,legacy,115,1,1872,1856,16
wechat,legacy,116,3,5648,5616,32
wechat,legacy,118,5,9696,9520,176
wechat,legacy,124,1,2000,2000,0
wechat,legacy,125,4,8320,8064,256
wechat,legacy,126,5,10320,10160,160
wechat,legacy,127,1,2048,2048,0
wechat,legacy,128,1,2064,2064,0
wechat,legacy,130,1,2160,2096,64
wechat,legacy,131,1,2144,2112,32
wechat,legacy,134,2,4384,4320,64
wechat,legacy,135,4,8864,8704,160
wechat,legacy,136,3,6608,6576,32
wechat,legacy,137,1,2256,2208,48
wechat,legacy,138,1,2272,2224,48
wechat,legacy,140,1,2256,2256,0
wechat,legacy,142,1,2320,2288,32
wechat,legacy,143,1,2320,2304,16
wechat,legacy,144,1,2320,2320,0
wechat,legacy,147,1,2432,2368,64
wechat,legacy,148,1,2384,2384,0
wechat,legacy,150,2,4864,4832,32
wechat,legacy,157,5,12720,12640,80
wechat,legacy,158,1,2656,2544,112
wechat,legacy,161,1,2640,2592,48
wechat,legacy,162,1,2608,2608,0
wechat,legacy,164,1,2640,2640,0
wechat,legacy,165,1,2704,2656,48
wechat,legacy,170,1,2768,2736,32
wechat,legacy,175,2,5664,5632,32
wechat,legacy,177,1,2848,2848,0
wechat,legacy,178,2,5792,5728,64
wechat,legacy,181,1,2960,2912,48
wechat,legacy,183,1,2976,2944,32
wechat,legacy,185,3,9040,8928,112
wechat,legacy,186,1,2992,2992,0
wechat,legacy,189,1,3088,3040,48
wechat,legacy,191,1,3088,3072,16
wechat,legacy,198,1,3200,3184,16
wechat,legacy,199,1,3216,3200,16
wechat,legacy,203,1,3264,3264,0
wechat,legacy,206,1,3344,3312,32
wechat,legacy,216,1,3472,3472,0
wechat,legacy,217,1,3488,3488,0
wechat,legacy,218,2,7040,7008,32
wechat,legacy,235,1,3808,3776,32
wechat,legacy,238,1,3856,3824,32
wechat,legacy,242,2,7840,7776,64
wechat,legacy,249,2,8080,8000,80
wechat,legacy,252,1,4048,4048,0
wechat,legacy,258,1,4176,4144,32
wechat,legacy,265,1,4256,4256,0
wechat,legacy,303,1,4880,4864,16
wechat,legacy,315,1,5072,5056,16
wechat,legacy,346,1,5584,5552,32
wechat,legacy,353,2,11376,11328,48
wechat,legacy,359,1,5840,5760,80
wechat,legacy,370,1,5968,5936,32
wechat,legacy,381,1,6112,6112,0
wechat,legacy,431,1,6928,6912,16
wechat,legacy,445,1,7184,7136,48
wechat,legacy,483,2,15520,15488,32
wechat,legacy,1023,1,16384,16384,0
weibo,legacy,0,2,32,32,0
weibo,legacy,1,16823,902848,538336,364512
weibo,legacy,2,10237,726176,491376,234800
weibo,legacy,3,19265,1563072,1232960,330112
weibo,legacy,4,13772,1343008,1101760,241248
weibo,legacy,5,6791,882784,651936,230848
weibo,legacy,6,4609,637536,516208,121328
weibo,legacy,7,3964,602352,507392,94960
weibo,legacy,8,2831,459648,407664,51984
weibo,legacy,9,2353,441936,376480,65456
weibo,legacy,10,1812,374272,318912,55360
weibo,legacy,11,1665,359936,319680,40256
weibo,legacy,12,1458,338272,303264,35008
weibo,legacy,13,1423,356752,318752,38000
weibo,legacy,14,855,225360,205200,20160
weibo,legacy,15,949,267440,242944,24496
weibo,legacy,16,813,233376,221136,12240
weibo,legacy,17,754,234672,217152,17520
weibo,legacy,18,640,211424,194560,16864
weibo,legacy,19,527,180800,168640,12160
weibo,legacy,20,468,164928,157248,7680
weibo,legacy,21,454,175968,159808,16160
weibo,legacy,22,440,172272,161920,10352
weibo,legacy,23,376,152080,144384,7696
weibo,legacy,24,358,151904,143200,8704
weibo,legacy,25,219,97408,91104,6304
weibo,legacy,26,273,123296,117936,5360
weibo,legacy,27,186,89104,83328,5776
weibo,legacy,28,299,148416,138736,9680
weibo,legacy,29,169,87136,81120,6016
weibo,legacy,30,179,95424,88784,6640
weibo,legacy,31,215,117728,110080,7648
weibo,legacy,32,141,76848,74448,2400
weibo,legacy,33,121,69984,65824,4160
weibo,legacy,34,102,59776,57120,2656
weibo,legacy,35,81,48832,46656,2176
weibo,legacy,36,169,101696,100048,1648
weibo,legacy,37,195,126752,118560,8192
weibo,legacy,38,112,73120,69888,3232
weibo,legacy,39,135,90016,86400,3616
weibo,legacy,40,131,89344,85936,3408
weibo,legacy,41,113,78912,75936,2976
weibo,legacy,42,57,40864,39216,1648
weibo,legacy,43,34,24240,23936,304
weibo,legacy,44,134,97872,96480,1392
weibo,legacy,45,49,37936,36064,1872
weibo,legacy,46,76,61344,57152,4192
weibo,legacy,47,121,96544,92928,3616
weibo,legacy,48,64,50272,50176,96
weibo,legacy,49,109,92208,87200,5008
weibo,legacy,50,22,18608,17952,656
weibo,legacy,51,52,44496,43264,1232
weibo,legacy,52,64,54608,54272,336
weibo,legacy,53,25,21872,21600,272
weibo,legacy,54,20,17824,17600,224
weibo,legacy,55,45,42016,40320,1696
weibo,legacy,56,83,76320,75696,624
weibo,legacy,57,20,19488,18560,928
weibo,legacy,58,41,39024,38704,320
weibo,legacy,59,23,22416,22080,336
weibo,legacy,60,34,33200,33184,16
weibo,legacy,61,16,16384,15872,512
weibo,legacy,62,16,16240,16128,112
weibo,legacy,63,4,4208,4096,112
weibo,legacy,64,33,34336,34320,16
weibo,legacy,65,9,9888,9504,384
weibo,legacy,66,63,70512,67536,2976
weibo,legacy,67,3,3360,3264,96
weibo,legacy,68,52,60240,57408,2832
weibo,legacy,69,18,20976,20160,816
weibo,legacy,70,16,18720,18176,544
weibo,legacy,71,5,5808,5760,48
weibo,legacy,72,44,52752,51392,1360
weibo,legacy,73,30,36192,35520,672
weibo,legacy,74,15,18432,18000,432
weibo,legacy,75,5,6160,6080,80
weibo,legacy,76,45,58288,55440,2848
weibo,legacy,77,16,20064,19968,96
weibo,legacy,78,17,21648,21488,160
weibo,legacy,79,28,36096,35840,256
weibo,legacy,80,13,16896,16848,48
weibo,legacy,82,4,5520,5312,208
weibo,legacy,83,15,20608,20160,448
weibo,legacy,84,38,51696,51680,16
weibo,legacy,85,18,25504,24768,736
weibo,legacy,86,4,5696,5568,128
weibo,legacy,87,39,56192,54912,1280
weibo,legacy,88,14,20016,19936,80
weibo,legacy,89,48,72000,69120,2880
weibo,legacy,90,2,3008,2912,96
weibo,legacy,91,15,22304,22080,224
weibo,legacy,92,35,53232,52080,1152
weibo,legacy,93,1,1568,1504,64
weibo,legacy,94,2,3136,3040,96
weibo,legacy,95,26,40560,39936,624
weibo,legacy,96,12,18704,18624,80
weibo,legacy,97,15,24160,23520,640
weibo,legacy,98,36,58560,57024,1536
weibo,legacy,99,8,12912,12800,112
weibo,legacy,100,3,4848,4848,0
weibo,legacy,101,25,41376,40800,576
weibo,legacy,102,15,25232,24720,512
weibo,legacy,103,1,1664,1664,0
weibo,legacy,104,16,26896,26880,16
weibo,legacy,105,13,22096,22048,48
weibo,legacy,106,26,45344,44512,832
weibo,legacy,108,5,8784,8720,64
weibo,legacy,109,1,1760,1760,0
weibo,legacy,110,3,5392,5328,64
weibo,legacy,111,3,5440,5376,64
weibo,legacy,112,16,29168,28928,240
weibo,legacy,113,14,25968,25536,432
weibo,legacy,114,12,22080,22080,0
weibo,legacy,116,4,7488,7488,0
weibo,legacy,117,12,23040,22656,384
weibo,legacy,118,15,28656,28560,96
weibo,legacy,120,2,3872,3872,0
weibo,legacy,121,1,2000,1952,48
weibo,legacy,122,1,2000,1968,32
weibo,legacy,123,6,12000,11904,96
weibo,legacy,124,27,54000,54000,0
weibo,legacy,125,25,52368,50400,1968
weibo,legacy,126,2,4144,4064,80
weibo,legacy,127,12,24576,24576,0
weibo,legacy,128,14,28896,28896,0
weibo,legacy,130,1,2160,2096,64
weibo,legacy,131,1,2128,2112,16
weibo,legacy,132,2,4272,4256,16
weibo,legacy,133,13,28304,27872,432
weibo,legacy,134,12,26304,25920,384
weibo,legacy,135,25,55952,54400,1552
weibo,legacy,136,16,35520,35072,448
weibo,legacy,140,14,31584,31584,0
weibo,legacy,141,1,2304,2272,32
weibo,legacy,143,13,29984,29952,32
weibo,legacy,144,1,2320,2320,0
weibo,legacy,145,13,30368,30368,0
weibo,legacy,146,12,28800,28224,576
weibo,legacy,147,2,4832,4736,96
weibo,legacy,148,2,4832,4768,64
weibo,legacy,149,1,2432,2400,32
weibo,legacy,152,14,34896,34272,624
weibo,legacy,155,13,32448,32448,0
weibo,legacy,156,1,2512,2512,0
weibo,legacy,157,12,30912,30336,576
weibo,legacy,159,13,33696,33280,416
weibo,legacy,160,1,2576,2576,0
weibo,legacy,162,1,2656,2608,48
weibo,legacy,164,2,5280,5280,0
weibo,legacy,168,2,5424,5408,16
weibo,legacy,172,1,2768,2768,0
weibo,legacy,174,1,2816,2800,16
weibo,legacy,175,1,2816,2816,0
weibo,legacy,176,1,2832,2832,0
weibo,legacy,177,12,34560,34176,384
weibo,legacy,178,1,2896,2864,32
weibo,legacy,180,1,2896,2896,0
weibo,legacy,184,2,5920,5920,0
weibo,legacy,185,2,6048,5952,96
weibo,legacy,186,2,6016,5984,32
weibo,legacy,188,2,6064,6048,16
weibo,legacy,191,13,40192,39936,256
weibo,legacy,193,12,37248,37248,0
weibo,legacy,198,2,6432,6368,64
weibo,legacy,207,1,3328,3328,0
weibo,legacy,218,1,3504,3504,0
weibo,legacy,221,12,42624,42624,0
weibo,legacy,236,12,46080,45504,576
weibo,legacy,249,13,52608,52000,608
weibo,legacy,252,1,4048,4048,0
weibo,legacy,256,12,49344,49344,0
weibo,legacy,260,12,50304,50112,192
weibo,legacy,326,2,10592,10464,128
weibo,legacy,329,1,5328,5280,48
weibo,legacy,346,12,67008,66624,384
weibo,legacy,417,12,80640,80256,384
weibo,legacy,431,1,6928,6912,16
weibo,legacy,455,1,7312,7296,16
weibo,legacy,479,12,92352,92160,192
weibo,legacy,662,2,21344,21216,128
weibo,legacy,1023,13,212992,212992,0
